,Compound,Date,Negative,Neutral,Positive,Tweet,Tweets Ago,User
0,-0.4927,Tue Apr 10 18:42:00 +0000 2018,0.842,0.158,0.0,"It wasn't until Henry VIII's reign that the #TowerOfLondon became really notorious as a place of imprisonment, tort‚Ä¶ https://t.co/Lkoj4s5XH1",1,BBC
1,-0.5106,Tue Apr 10 18:00:27 +0000 2018,0.784,0.216,0.0,Meet Rebekah - a former professional footballer who changed career and became a prison officer. https://t.co/D5H4aLBVln,2,BBC
2,0.0,Tue Apr 10 16:58:05 +0000 2018,1.0,0.0,0.0,üå∂ü§Ø A man who ate the world's hottest chilli pepper in a chilli-eating contest ended up in hospital after experienci‚Ä¶ https://t.co/aiRSOhb4eI,3,BBC
3,0.0,Tue Apr 10 16:34:54 +0000 2018,1.0,0.0,0.0,"RT @bbccomedy: Henry of Eight, the Tudor Kim Kardashian. #CunkOnBritain @MissDianeMorgan https://t.co/VuQyfSFyRM",4,BBC
4,0.0,Tue Apr 10 16:32:08 +0000 2018,1.0,0.0,0.0,"üë≠ Ten celebrity pairs who look so freakily alike they could be twins. #NationalSiblingsDay
üëâ https://t.co/WAUVA2c8e4 https://t.co/wTkpghO1uv",5,BBC
5,0.4227,Tue Apr 10 16:02:03 +0000 2018,0.514,0.15,0.336,"üò± That's quite the party trick! 
#Doodlebugs https://t.co/IUz7r0qJcf",6,BBC
6,0.6705,Tue Apr 10 15:47:43 +0000 2018,0.726,0.066,0.208,"RT @TWBBC: ""Our liberty is at risk when we hand over our data"" @thermoflynamics and @FinalBullet ask if we need to take control of our data‚Ä¶",7,BBC
7,0.7351,Tue Apr 10 15:28:35 +0000 2018,0.763,0.0,0.237,"RT @BBCNWT: Have you ever spotted a @RealMancsy around Manchester? ü§î

These free prints pop up around the city, thanks to the anonymous art‚Ä¶",8,BBC
8,0.8126,Tue Apr 10 15:25:18 +0000 2018,0.732,0.0,0.268,"RT @BBCR1: Do YOU look like this lady with a tablecloth on her head?

We need your help to recreate a painting from the 1800s üé®üëä

Kindly em‚Ä¶",9,BBC
9,0.4939,Tue Apr 10 15:18:36 +0000 2018,0.789,0.0,0.211,RT @BBCTwo: Two tiger brothers enjoy their first swimming lesson. üêØüí¶ #NationalSiblingsDay https://t.co/qiyB4N5EYr,10,BBC
10,0.6249,Tue Apr 10 14:34:14 +0000 2018,0.796,0.0,0.204,"RT @AboutTheBBC: Today @englishheritage unveiled a blue plaque to former BBC Director-General Sir Hugh Carleton Greene. A great moderniser,‚Ä¶",11,BBC
11,0.5423,Tue Apr 10 13:00:36 +0000 2018,0.774,0.0,0.226,"üñºüé® From Vel√°zquez to van Gogh, explore 5 masterpieces of European painting. 
üëâ https://t.co/wRpdRNUuz5 https://t.co/EVrV6Iat8H",12,BBC
12,-0.5574,Tue Apr 10 12:00:17 +0000 2018,0.625,0.375,0.0,üé• The nasty side of social media. https://t.co/rKpSRqqjkd,13,BBC
13,-0.6997,Tue Apr 10 11:00:18 +0000 2018,0.775,0.225,0.0,üê∂üíÖ The rise of 'extreme dog pampering' puts the welfare of pets in jeopardy and 'sends out an extremely worrying me‚Ä¶ https://t.co/WTUIFUxaat,14,BBC
14,0.5093,Tue Apr 10 10:16:15 +0000 2018,0.82,0.0,0.18,"RT @cbbc: This is cute, you two! üòç

@nikkilillyy &amp; @jemmawilson talk cakes and being a goth üíú https://t.co/LcF6T8F9d6",15,BBC
15,0.0,Tue Apr 10 10:12:47 +0000 2018,1.0,0.0,0.0,"RT @BBCBreakfast: Meet 'The Man Engine'. 
He's a tribute to our mining history. ‚õè  #manengine https://t.co/sa6ykd3uUT",16,BBC
16,-0.296,Tue Apr 10 09:44:17 +0000 2018,0.879,0.121,0.0,"Iceland is to stop using palm oil in own-brand products by the end of 2018.
üëâ https://t.co/jyQura5jVB https://t.co/K6HGJDMxrL",17,BBC
17,-0.1779,Tue Apr 10 09:34:46 +0000 2018,0.837,0.097,0.066,"RT @bbcwritersroom: .@BBCR1 have just launched a new #comedy podcast called Kench with Ray Moss - No Stone Unturned by @benpartridge 
We ca‚Ä¶",18,BBC
18,0.6369,Tue Apr 10 09:05:51 +0000 2018,0.708,0.0,0.292,"RT @BBC6Music: Listen back to @RobertSmith‚Äôs exclusive interview about:
üñ§ 40 years of @TheCure
üëÑ Inviting @RollingStones to play @meltdownf‚Ä¶",19,BBC
19,0.7096,Tue Apr 10 09:05:17 +0000 2018,0.796,0.0,0.204,RT @BBC6Music: Tonight from 7-9pm BST: Cillian Murphy sits in for @IggyPop. Here he is on how @tomwaits is helping to inspire his new role.‚Ä¶,20,BBC
20,-0.128,Tue Apr 10 08:01:08 +0000 2018,0.651,0.189,0.16,üéÆ This video game has been designed to help people deal with grief. https://t.co/tmRibTCet4,21,BBC
21,0.0,Tue Apr 10 07:27:02 +0000 2018,1.0,0.0,0.0,"üê∏ Nine new species have been found where few scientists have gone before.
üëâ https://t.co/EfvR9rqTNt https://t.co/qhInJevOTU",22,BBC
22,0.2716,Tue Apr 10 07:01:02 +0000 2018,0.827,0.0,0.173,üèä Women's only swimming sessions are more important than you think. https://t.co/yPZyqsIktB,23,BBC
23,-0.5994,Mon Apr 09 19:01:07 +0000 2018,0.83,0.17,0.0,"In this five-part immersive living history series, the training programme of one of World War Two's most covert org‚Ä¶ https://t.co/WMq4ME93CR",24,BBC
24,-0.0772,Mon Apr 09 18:04:06 +0000 2018,0.936,0.064,0.0,"When doctors found a large tumour on little Poppy‚Äôs brain, her parents faced one of the toughest decisions of their‚Ä¶ https://t.co/bJp258jCaL",25,BBC
25,0.7184,Mon Apr 09 17:02:07 +0000 2018,0.727,0.0,0.273,"Keep full and satisfied with these protein-filled, vegetarian dinners. 
Make double portions and save for lunch tom‚Ä¶ https://t.co/yh3RGeC5i3",26,BBC
26,0.0,Mon Apr 09 16:43:45 +0000 2018,1.0,0.0,0.0,"RT @BBCScotland: The history behind #NationalUnicornDay ü¶Ñ

*may not be factually accurate* https://t.co/p44XmIXnoM",27,BBC
27,0.0,Mon Apr 09 16:34:07 +0000 2018,1.0,0.0,0.0,RT @BBCTwo: Can you guess the city? #TheCityAndTheCity‚Äôs @davemorrissey64 and @MandiDhillon tried our game out for size‚Ä¶ üåÜüèôüôÉ https://t.co/U‚Ä¶,28,BBC
28,0.0,Mon Apr 09 16:26:04 +0000 2018,1.0,0.0,0.0,"The latest episode of @TheSimpsons has addressed controversy surrounding Indian character Apu for the first time.
üëâ‚Ä¶ https://t.co/guqD0Pf53R",29,BBC
29,0.6239,Mon Apr 09 16:04:04 +0000 2018,0.494,0.0,0.506,üèÉ‚Äç‚ôÄÔ∏è‚ù§Ô∏è What a brilliant idea! https://t.co/QUVCwBptOU,30,BBC
30,0.4003,Mon Apr 09 15:42:30 +0000 2018,0.856,0.0,0.144,RT @BBCTheOneShow: Tonight on The One Show - @kylieminogue! üíóüíóüíóüíóüíó RT: if you're excited. #TheOneShow #KylieMinogue #Kylie https://t.co/Yten‚Ä¶,31,BBC
31,0.5411,Mon Apr 09 15:29:26 +0000 2018,0.811,0.0,0.189,"RT @BBCSport: What a way to save match point!

Table tennis is pure carnage.

#GC2018 #bbcgoldcoast https://t.co/1shVrSJuRn",32,BBC
32,0.5267,Mon Apr 09 15:07:08 +0000 2018,0.793,0.0,0.207,"üê∂‚ù§Ô∏èüòΩ
Henry and Baloo: Dog and cat travel companions gain cult following.
üëâ https://t.co/rTpxqa69Oq https://t.co/iRkQXMwnyv",33,BBC
33,0.5267,Mon Apr 09 14:02:03 +0000 2018,0.855,0.0,0.145,"A new campaign is encouraging people to do CPR to the tune of @The_Proclaimers' hit 'I'm Gonna Be (500 miles)'.
üëâ‚Ä¶ https://t.co/MULW1tgRPL",34,BBC
34,0.4404,Mon Apr 09 13:01:05 +0000 2018,0.707,0.0,0.293,"How NOT to impress Madonna...
#TheGrahamNortonShow #TGNS https://t.co/NnYS15sU9p",35,BBC
35,0.0,Mon Apr 09 12:31:27 +0000 2018,1.0,0.0,0.0,RT @bbccomedy: Philomena Cunk steps on board the first ship to circumcise the globe. #CunkOnBritain @missdianemorgan https://t.co/f1oHsolPHe,36,BBC
36,0.0,Mon Apr 09 12:28:16 +0000 2018,1.0,0.0,0.0,"üå≠üê∂ Over 1,500 people turned up to this mass sausage dog walk in Manchester yesterday. https://t.co/6fscMy6eZ7",37,BBC
37,0.34,Mon Apr 09 12:14:30 +0000 2018,0.888,0.0,0.112,"RT @bbcsoutheast: You don't have to be married to take part in ""wife-carrying"". Fancy giving it a go? #Dorking #wifecarrying #wifecarryingu‚Ä¶",38,BBC
38,0.6705,Mon Apr 09 12:12:54 +0000 2018,0.792,0.0,0.208,"RT @BBCnireland: As the days get longer, here are some #TightShorts tips on creating that naturally flawless, 'don't get seen, blend into t‚Ä¶",39,BBC
39,0.0,Mon Apr 09 12:02:02 +0000 2018,1.0,0.0,0.0,Flipping the script on dyslexia. https://t.co/rW1FLygX9V,40,BBC
40,0.0,Mon Apr 09 11:50:07 +0000 2018,1.0,0.0,0.0,"RT @bbcthesocial: This is how homophobia feels in 2018.

#TimeForLove https://t.co/dHfsvt94Nz",41,BBC
41,-0.2023,Mon Apr 09 11:27:01 +0000 2018,0.833,0.098,0.068,RT @BBCFOUR: How do you cope with stage fright when you're working at music's top level? Listen to the new #BBCYoungMusician podcast with @‚Ä¶,42,BBC
42,0.6757,Mon Apr 09 11:16:03 +0000 2018,0.649,0.083,0.268,"Love hurts, but this is a step too far...

üíç People are getting finger piercings instead of engagement rings.
üëâ‚Ä¶ https://t.co/eargluPvnC",43,BBC
43,0.0,Mon Apr 09 10:41:24 +0000 2018,1.0,0.0,0.0,"üò¥üêª When the weather is so cold that you can't bear to get up. 
#MondayMorning https://t.co/JhfqRhL5fQ",44,BBC
44,0.0,Mon Apr 09 08:56:59 +0000 2018,1.0,0.0,0.0,RT @BBCTwo: Every Saga must come to an end... #TheBridge https://t.co/YNyeMUM8A2,45,BBC
45,-0.3252,Mon Apr 09 08:40:53 +0000 2018,0.891,0.109,0.0,"RT @BBCRadio4: ""If a ¬£100 coat is half price, and you buy it, you haven't saved ¬£50 you've spent ¬£50.""
https://t.co/yKrYlW9jf6",46,BBC
46,0.0,Mon Apr 09 08:01:01 +0000 2018,1.0,0.0,0.0,"üò≤üöÇ Hop onboard the train that (somehow) squeezes through a crowded market near Bangkok, eight times a day! https://t.co/htvLHtJdPH",47,BBC
47,-0.3182,Mon Apr 09 07:27:04 +0000 2018,0.897,0.103,0.0,"The story of why the Roman Baths developed, how they were lost for many centuries and how they were rediscovered.‚Ä¶ https://t.co/zEzPchOgPO",48,BBC
48,0.0,Mon Apr 09 07:00:14 +0000 2018,1.0,0.0,0.0,üè• How can #3DPrinting be of use in surgery? https://t.co/3LQkXMMHwo,49,BBC
49,0.0,Sun Apr 08 19:02:05 +0000 2018,1.0,0.0,0.0,"üò∫üí¶ This is Maya the jaguar's very first swim!  
#BigCatsAboutTheHouse https://t.co/IacZP3ltf3",50,BBC
50,0.4939,Sun Apr 08 18:03:03 +0000 2018,0.686,0.0,0.314,üòÇ Need a hand getting the kids to bed? https://t.co/JAUkyoVSA8,51,BBC
51,0.25,Sun Apr 08 17:25:08 +0000 2018,0.765,0.088,0.147,"'Silencing masks' and 'wife auctions': What life used to be like for women. 
üëâ https://t.co/7Z1bcXKgOx https://t.co/gzm7Hf3loH",52,BBC
52,0.0,Sun Apr 08 17:07:02 +0000 2018,1.0,0.0,0.0,"ü¶ñüòÇ Philomena Cunk examines the barbaric conditions in which we keep today's dinosaurs.
#CunkOnBritain  https://t.co/nBav5dqh7a",53,BBC
53,0.0,Sun Apr 08 16:40:55 +0000 2018,1.0,0.0,0.0,"RT @bbcgetinspired: Meet Sue...

She is planning to run the 2018 @LondonMarathon to prove someone with vascular dementia can do it. üôå

‚û° ht‚Ä¶",54,BBC
54,-0.2263,Sun Apr 08 16:07:03 +0000 2018,0.894,0.106,0.0,üé® Victoria Lomasko is a Russian graphic artist who's travelled up and down her country painting 'forgotten women'. https://t.co/XtlpBlAYb0,55,BBC
55,0.0,Sun Apr 08 15:31:00 +0000 2018,1.0,0.0,0.0,"üé∂ The search for the next Young Musician has begun, and the first @BBCYoungMus semi-finalist of 2018 has been confi‚Ä¶ https://t.co/klUA4GWtb0",56,BBC
56,0.0,Sun Apr 08 15:11:04 +0000 2018,1.0,0.0,0.0,"'If boys are getting diagnosed with autism, girls need exactly the same.' https://t.co/f7Aft0LWwB",57,BBC
57,-0.2023,Sun Apr 08 13:54:07 +0000 2018,0.811,0.189,0.0,üíÉüï∫ Meet the kids cutting some serious shapes on the streets of Lagos. https://t.co/3ySZPqua01,58,BBC
58,0.875,Sun Apr 08 13:23:39 +0000 2018,0.607,0.0,0.393,"RT @BBCSport: What a nice surprise üòçüíç

Two of @TeamEngland 's basketball players got engaged on court at the Commonwealths. 

Congrats @Jam‚Ä¶",59,BBC
59,0.2732,Sun Apr 08 13:03:04 +0000 2018,0.488,0.0,0.512,üòÇ 'Surprise me'. https://t.co/Jo7illTafh,60,BBC
60,-0.0772,Sun Apr 08 11:00:15 +0000 2018,0.936,0.064,0.0,"When doctors found a large tumour on little Poppy‚Äôs brain, her parents faced one of the toughest decisions of their‚Ä¶ https://t.co/MGM0dpxlFH",61,BBC
61,0.5859,Sun Apr 08 10:15:06 +0000 2018,0.787,0.0,0.213,"RT @BBCSport: Beauty queen ‚úÖ
Commonwealth Games weightlifting silver medallist ‚úÖ

Introducing Sarah Davies...

#GC2018 #bbcgoldcoast https:‚Ä¶",62,BBC
62,0.3818,Sun Apr 08 10:01:07 +0000 2018,0.88,0.0,0.12,"From Ordeal by Innocence to the return of The Handmaid‚Äôs Tale, here are @BBC_Culture's pick of programmes to watch‚Ä¶ https://t.co/Q6S34uv5LX",63,BBC
63,0.0,Sun Apr 08 09:08:02 +0000 2018,1.0,0.0,0.0,"ü¶çüí¨ Not only can Koko the gorilla use sign language, she also appears to have learnt to lie...

https://t.co/xXZwlLDLJh",64,BBC
64,0.0,Sun Apr 08 08:17:18 +0000 2018,1.0,0.0,0.0,RT @BBCOne: .@johnkrasinski's got MOVES. #TheGrahamNortonShow #TGNS https://t.co/2HUMM0ixEW,65,BBC
65,0.6369,Sun Apr 08 08:08:07 +0000 2018,0.792,0.0,0.208,"Football, volleyball AND martial arts? Ô∏è‚öΩÔ∏èü•ãü§î

Sepak Takraw is the best sport you've never heard of... 

https://t.co/ngTwJHEmrI",66,BBC
66,0.3612,Sun Apr 08 07:02:06 +0000 2018,0.783,0.0,0.217,üê≥ Meet the gargantuan air freighter that looks like a whale. https://t.co/7DPUt8okKU,67,BBC
67,0.5719,Sat Apr 07 18:00:22 +0000 2018,0.748,0.0,0.252,‚ù§Ô∏èüé∂ @NiallOfficial's Live Lounge cover of @JuliaMichaels' Issues is just perfect.  https://t.co/XpsnR29hPU,68,BBC
68,0.0,Sat Apr 07 17:19:26 +0000 2018,1.0,0.0,0.0,"RT @CBeebiesHQ: Goodnight @ChrisEvans,üåô 

Chris reads Goodnight Goodnight Construction site tonight. üèóÔ∏è 

#BedtimeStory is at 6:50pm üò¥üí§ htt‚Ä¶",69,BBC
69,-0.7269,Sat Apr 07 17:04:03 +0000 2018,0.523,0.405,0.072,ü¶Åüò¢ Lions are often poisoned to prevent them attacking livestock. https://t.co/254nhtlMW5,70,BBC
70,0.6515,Sat Apr 07 16:00:23 +0000 2018,0.581,0.0,0.419,"üò≤ Some VERY impressive maths here. 
#UniversityChallenge https://t.co/crvQQ5V3Vn",71,BBC
71,0.6908,Sat Apr 07 15:01:03 +0000 2018,0.759,0.0,0.241,Doctors are finding one way that sugar can benefit your health - it may help heal wounds resistant to antibiotics.‚Ä¶ https://t.co/zI9pN0zSVo,72,BBC
72,0.0,Sat Apr 07 14:33:46 +0000 2018,1.0,0.0,0.0,"RT @BBCRadio2: ""The clunk of putting the cassette in, snapping it shut... oh wait I'm going to rewind to get to the start of the song. It's‚Ä¶",73,BBC
73,0.0,Sat Apr 07 14:00:31 +0000 2018,1.0,0.0,0.0,"üåéüì∏ Our pick of the most striking news photographs taken around the world recently.
üëâ https://t.co/zPpuZq9hOC https://t.co/fYUTrG44Ra",74,BBC
74,-0.5719,Sat Apr 07 13:00:20 +0000 2018,0.778,0.222,0.0,How did this new mum survive in the chaos that followed Hurricane Maria? https://t.co/Nx7uFz1k56,75,BBC
75,-0.296,Sat Apr 07 12:07:08 +0000 2018,0.748,0.154,0.098,"For Dr Joel Salinas, music creates colours, numbers have personalities and another person's pain feels almost like‚Ä¶ https://t.co/lrGhiKBaGZ",76,BBC
76,0.0,Sat Apr 07 11:19:19 +0000 2018,1.0,0.0,0.0,"RT @bbcthree: 94-year-old Judo Jack says: ""Get off your butt and do something."" https://t.co/M9CzCtwSqe",77,BBC
77,0.0,Sat Apr 07 11:00:57 +0000 2018,1.0,0.0,0.0,RT @BBCR1: It's been one whole year of Sign Of The Times and we need to know whether @Harry_Styles finally let Chris Martin be head of his‚Ä¶,78,BBC
78,0.69,Sat Apr 07 11:00:18 +0000 2018,0.749,0.0,0.251,"What an inspiration! üí™ 

‚ù§Ô∏è Fraser shed the pounds to pursue his wrestling dream, in memory of his mother. https://t.co/LWmuGo6dTN",79,BBC
79,0.0,Sat Apr 07 10:26:52 +0000 2018,1.0,0.0,0.0,"RT @BBCSport: It's a historic victory for Uganda! üôå 

Earlier today they recorded their first ever victory at the Commonwealth games with a‚Ä¶",80,BBC
80,0.0,Sat Apr 07 10:05:06 +0000 2018,1.0,0.0,0.0,üçìüçí Did you know that cherries and strawberries represented the souls of men? Or that a dragonfly could be the devil‚Ä¶ https://t.co/s9rFhv5wlu,81,BBC
81,-0.8658,Sat Apr 07 09:00:12 +0000 2018,0.637,0.363,0.0,"Losing your hair whilst going through cancer treatment can be distressing. 

This shop decided to try and do someth‚Ä¶ https://t.co/mcOgFrRtdq",82,BBC
82,0.0,Sat Apr 07 08:00:16 +0000 2018,1.0,0.0,0.0,üóëü§ñ This trash collecting robot can be controlled by anyone via the internet. https://t.co/N2gbeP2nIo,83,BBC
83,0.34,Sat Apr 07 07:54:05 +0000 2018,0.906,0.0,0.094,"RT @bbcgetinspired: 'Women don't just stay at home and look after the kids, we don't just do dance or gymnastics, we play tennis, football‚Ä¶",84,BBC
84,0.4588,Sat Apr 07 07:03:06 +0000 2018,0.769,0.0,0.231,üòçüêø These baby red squirrels are too cute to handle. https://t.co/d2r7c8EyUh,85,BBC
85,0.0,Fri Apr 06 19:48:37 +0000 2018,1.0,0.0,0.0,"RT @bbcmusic: Jade, this was INCREDIBLE üòç
#SoundsLikeFridayNight https://t.co/rSGnYVTFYu",86,BBC
86,0.0,Fri Apr 06 18:07:07 +0000 2018,1.0,0.0,0.0,ü§î Modern life is a mystery. https://t.co/a4817Iugzz,87,BBC
87,0.0,Fri Apr 06 17:32:05 +0000 2018,1.0,0.0,0.0,"Tune in to #SLFN tonight for performances from @snowpatrol, @Meghan_Trainor, @yearsandyears and @halsey. üé∂üé§üéâ

Sound‚Ä¶ https://t.co/EFjiBk5upm",88,BBC
88,0.0,Fri Apr 06 16:13:08 +0000 2018,1.0,0.0,0.0,RT @bbcpointswest: ü§© Prince Harry and Meghan Markle arrive in Bath for the Invictus Games trials ü§© https://t.co/ywlHvaHt2z,89,BBC
89,-0.1531,Fri Apr 06 16:08:04 +0000 2018,0.78,0.124,0.096,"üòÇ If you're going to get dumped on TV, it might as well be via @KylieMinogue. 

#TheGNShow | 10.35pm | @BBCOne https://t.co/CgfsjKjeob",90,BBC
90,-0.7777,Fri Apr 06 16:02:36 +0000 2018,0.621,0.332,0.047,"RT @BBCNewsround: Ever wondered why we cry when we chop onions? Now you'll have no excuse to avoid cooking dinner, sorry! üòÇhttps://t.co/SyX‚Ä¶",91,BBC
91,0.6037,Fri Apr 06 15:23:45 +0000 2018,0.64,0.0,0.36,"RT @BBCOne: MY OLD FRIEND.

#OrdealByInnocence #Sunshine https://t.co/vQBvcgLrCe",92,BBC
92,0.8126,Fri Apr 06 15:22:01 +0000 2018,0.72,0.0,0.28,"üéª Two years ago @ShekuKM won @BBCYoungMus. 
Now he wants to inspire other young people to pick up an instrument too‚Ä¶ https://t.co/fG0F3x2eDN",93,BBC
93,0.0,Fri Apr 06 15:20:18 +0000 2018,1.0,0.0,0.0,"RT @bbcgetinspired: She's only 11 years old, but @sport_wales' Anna Hursey is smashing it at #GC2018! üôå 

‚û° https://t.co/9sFYGzsgnQ #GetIns‚Ä¶",94,BBC
94,0.0,Fri Apr 06 15:02:33 +0000 2018,1.0,0.0,0.0,RT @bbcmusic: Counting down the seconds TBH üíÖ@LittleMix https://t.co/6UTrz9gqQr,95,BBC
95,0.5499,Fri Apr 06 15:02:05 +0000 2018,0.332,0.282,0.385,üçûüçª Hate food waste but love beer? https://t.co/IL9jmlaMjs,96,BBC
96,-0.5849,Fri Apr 06 14:30:39 +0000 2018,0.559,0.31,0.13,"RT @BBCRadio3: ""Stop being so selfish ‚Äì this isn‚Äôt about you."" Harsh words - or tough love?
Zeynep, Jess and Sam discuss one teacher‚Äôs cont‚Ä¶",97,BBC
97,0.0,Fri Apr 06 14:07:06 +0000 2018,1.0,0.0,0.0,"üêò ü¶èü¶íüî≠
Saving animals using space technology. https://t.co/gAwJcD2I2A",98,BBC
98,-0.4215,Fri Apr 06 13:02:05 +0000 2018,0.741,0.171,0.088,"üçøüéü From a near-silent horror film to an Australian Western, here are 8 movies worth watching in April. 
üëâ‚Ä¶ https://t.co/b15kbsQ7MD",99,BBC
99,0.0,Fri Apr 06 12:18:09 +0000 2018,1.0,0.0,0.0,RT @BBCOne: For all the drama queens. üëë https://t.co/RfdMDieaCZ,100,BBC
100,0.1867,Tue Apr 10 23:53:30 +0000 2018,0.907,0.0,0.093,RT @reba: Don't miss Reba TONGHT on the @latelateshow at 12:37 AM ET / 11:37 PM CT! #ACMawards https://t.co/DHqeHuBzvi,1,CBS
101,0.0,Tue Apr 10 23:19:45 +0000 2018,1.0,0.0,0.0,"He‚Äôs still standing, bangin' the keys‚Ä¶ and rockin' out! Stream the #EltonSalute TONIGHT at 9/8c on CBS and CBS All‚Ä¶ https://t.co/9TzixIliLf",2,CBS
102,0.6124,Tue Apr 10 19:00:03 +0000 2018,0.688,0.064,0.248,"Today's biggest artists including @littlebigtown, @edsheeran &amp; @MarenMorris share what an honor it is to pay their‚Ä¶ https://t.co/1Ebr8feo0R",3,CBS
103,0.6976,Tue Apr 10 15:30:00 +0000 2018,0.747,0.0,0.253,"The legendary @eltonofficial said ""It's the most wonderful feeling when someone records your song or sings your son‚Ä¶ https://t.co/Krlqs3qNck",4,CBS
104,0.6597,Mon Apr 09 20:00:00 +0000 2018,0.779,0.0,0.221,"Are you ready for a good time? Tomorrow, Elton John: I‚Äôm Still Standing - A GRAMMY¬ÆÔøº Salute airs at 9/8c on CBS and‚Ä¶ https://t.co/Z3Mnp1cJPa",5,CBS
105,0.0,Mon Apr 09 17:29:47 +0000 2018,1.0,0.0,0.0,"@edsheeran, @KeshaRose, @HaileeSteinfeld, @ActuallyNPH, and many more describe the impact that the music of Elton J‚Ä¶ https://t.co/wBwzWcWGAa",6,CBS
106,0.0,Mon Apr 09 17:00:02 +0000 2018,1.0,0.0,0.0,"Lights will come on for @Jason_Aldean when he takes the stage to perform at the 53rd #ACMawards on Sunday, April 15‚Ä¶ https://t.co/qPAbrFp4kQ",7,CBS
107,0.2732,Mon Apr 09 15:00:00 +0000 2018,0.784,0.086,0.129,Which state does @reba call home and which song was her first No. 1 single? Test your knowledge of the beloved coun‚Ä¶ https://t.co/Sp8icKpFNu,8,CBS
108,0.6239,Mon Apr 09 13:36:00 +0000 2018,0.786,0.0,0.214,This just in! Thirteen-time ACM Award¬Æ winner @carrieunderwood will be performing her soon-to-be-released single li‚Ä¶ https://t.co/GEyjt4lFbb,9,CBS
109,0.6467,Mon Apr 09 01:42:06 +0000 2018,0.72,0.0,0.28,It's time to celebrate! @MomCBS will be back for Season 6! https://t.co/ianxp6JWHq,10,CBS
110,0.7096,Sun Apr 08 22:00:01 +0000 2018,0.742,0.0,0.258,@OldDominion's Matthew Ramsey is here with a friendly reminder - Country Music‚Äôs Party Of The Year¬Æ is just seven d‚Ä¶ https://t.co/SFnXxQLoPN,11,CBS
111,0.5562,Sun Apr 08 18:38:13 +0000 2018,0.854,0.0,0.146,It all comes down to this! Stream Round 4 of #TheMasters Tournament on CBS live with a free trial of CBS All Access‚Ä¶ https://t.co/mNFSAUkLvZ,12,CBS
112,0.4199,Sun Apr 08 15:00:00 +0000 2018,0.892,0.0,0.108,"@reba is ready for her hosting duties! In just one week, watch her take the stage at the 53rd #ACMawards. Tune in A‚Ä¶ https://t.co/TmjezmqPme",13,CBS
113,0.6696,Sat Apr 07 19:35:08 +0000 2018,0.817,0.0,0.183,Watch some of the biggest names in golf compete in one of the greatest tournaments of the year! Stream #TheMasters‚Ä¶ https://t.co/e8kbkSLx5k,14,CBS
114,0.0,Sat Apr 07 18:28:03 +0000 2018,1.0,0.0,0.0,Tonight's the night! Here's a behind-the-scenes look at season 2 of @RansomCBS before the big premiere. Tune in at‚Ä¶ https://t.co/WtRHvufO7H,15,CBS
115,0.3612,Sat Apr 07 16:30:02 +0000 2018,0.894,0.0,0.106,What song will @DierksBentley belt out when he takes the stage to perform at the 53rd #ACMawards? Get ready to sing‚Ä¶ https://t.co/oEtKJnKQVn,16,CBS
116,0.0,Sat Apr 07 15:31:12 +0000 2018,1.0,0.0,0.0,"@johnlegend, @mirandalambert, @KeshaRose, and more perform @eltonofficial's hit songs! Watch Elton John: I'm Still‚Ä¶ https://t.co/VF3hf8OCT7",17,CBS
117,0.0,Fri Apr 06 21:10:18 +0000 2018,1.0,0.0,0.0,Ask 53rd ACM Awards¬Æ host @reba a question and she just may answer it on April 11 at 5:30p ET/2:30p PT when she tak‚Ä¶ https://t.co/DAa5gQS8oX,18,CBS
118,0.0,Fri Apr 06 17:00:00 +0000 2018,1.0,0.0,0.0,What‚Äôs @eltonofficial's birth name and which of his songs holds the record for biggest selling single of all time?‚Ä¶ https://t.co/N5qkMYCE7e,19,CBS
119,0.0,Fri Apr 06 13:45:00 +0000 2018,1.0,0.0,0.0,Do you have a question for country music legend and host of the 53rd ACM Awards¬Æ @reba? Write it below for a chance‚Ä¶ https://t.co/yVVDVFpxDM,20,CBS
120,0.5859,Thu Apr 05 21:44:00 +0000 2018,0.806,0.0,0.194,How well do you know The Academy of Country Music Awards‚Ñ¢? Test your knowledge of Country Music‚Äôs Party of the Year‚Ä¶ https://t.co/lfWAcvAbZa,21,CBS
121,0.6597,Thu Apr 05 19:07:48 +0000 2018,0.759,0.0,0.241,"RT @CodeBlackCBS: The intensity and emotions of your favorite show are returning to @CBS in 3 weeks.

Get excited. https://t.co/aGUNIPwRjh",22,CBS
122,-0.3875,Thu Apr 05 17:00:00 +0000 2018,0.769,0.157,0.074,"Don't miss @littlebigtown's amazing performance of @eltonofficial's ""Rocket Man"" under the big spotlight at Elton J‚Ä¶ https://t.co/bqse7nhkV3",23,CBS
123,0.807,Wed Apr 04 22:07:01 +0000 2018,0.687,0.0,0.313,Today's biggest stars are celebrating @EltonJohn's most beloved and legendary catalogue of hits with two albums dro‚Ä¶ https://t.co/cilUdkKtjQ,24,CBS
124,0.7568,Wed Apr 04 21:48:07 +0000 2018,0.712,0.0,0.288,"RT @LifeInPiecesCBS: We ""literally can't even"" with how hilarious these #LifeInPieces outtakes are! üòÇ

Introducing Laughing To Pieces! Foll‚Ä¶",25,CBS
125,0.8495,Wed Apr 04 21:47:26 +0000 2018,0.634,0.0,0.366,"RT @YoungSheldon: Don't miss guest star @Followtheblonde in tomorrow's all-new #YoungSheldon! Trust us, you're going to love every minute.‚Ä¶",26,CBS
126,0.4926,Wed Apr 04 21:46:13 +0000 2018,0.803,0.0,0.197,RT @MomCBS: Tomorrow's episode of #Mom is going to be a doggone good one! https://t.co/e1WI3uOxVg,27,CBS
127,-0.3182,Wed Apr 04 21:44:17 +0000 2018,0.905,0.095,0.0,RT @survivorcbs: There's a lot at stake when competing for actual steak. Get a glimpse at an all-new #Survivor: Ghost Island at 8/7c on CBS‚Ä¶,28,CBS
128,-0.25,Wed Apr 04 18:02:13 +0000 2018,0.867,0.133,0.0,RT @TVLine: #LifeInPieces Sneak Peek: Sophia and Her Stuffed Toys Stage a Musical¬†Protest https://t.co/r16SLZlZPc,29,CBS
129,0.0,Tue Apr 03 23:00:00 +0000 2018,1.0,0.0,0.0,Whose catchy tune will take Song Of The Year at the 53rd #ACMawards? Give it up for the four nominees -‚Ä¶ https://t.co/R9MtUNZtsw,30,CBS
130,0.0,Tue Apr 03 21:00:02 +0000 2018,1.0,0.0,0.0,"Here's everything you need to know before tuning into Elton John: I'm Still Standing - A GRAMMY¬Æ Salute on Tuesday,‚Ä¶ https://t.co/C8fiKl4j98",31,CBS
131,0.7096,Tue Apr 03 18:00:00 +0000 2018,0.742,0.0,0.258,"In just one week, @eltonofficial and today's hottest stars in music will join together to celebrate Elton's countle‚Ä¶ https://t.co/ACQGHNWz8u",32,CBS
132,0.7906,Tue Apr 03 05:17:01 +0000 2018,0.579,0.0,0.421,Tonight we #LightItUpBlue for greater understanding and acceptance. CBS supports #WorldAutismAwarenessDay by lighti‚Ä¶ https://t.co/hBAXcDvP4r,33,CBS
133,0.1513,Mon Apr 02 17:30:00 +0000 2018,0.792,0.092,0.116,No one does it quite like @eltonofficial. The artist himself will belt out some of his chart-topping hits on Elton‚Ä¶ https://t.co/ckY4bUvTXI,34,CBS
134,0.6486,Sun Apr 01 17:00:03 +0000 2018,0.798,0.0,0.202,The Las Vegas strip is about to light up brighter than ever before when Country Music‚Äôs Party Of The Year¬Æ takes ov‚Ä¶ https://t.co/j1A2ZVHAoO,35,CBS
135,0.0,Sat Mar 31 18:00:00 +0000 2018,1.0,0.0,0.0,"‚ÄúIf you don‚Äôt do something about it, then who are you? ‚Ä¶ It can happen to anyone.‚Äù - @aplusk 

Tonight at 10/9c, a‚Ä¶ https://t.co/EQabNc1UZI",36,CBS
136,0.4199,Sat Mar 31 15:30:00 +0000 2018,0.887,0.0,0.113,Give it up for @KelseaBallerini! This star is one of the Female Vocalist Of The Year nominees and she's ready to ta‚Ä¶ https://t.co/wLyHwkEGs2,37,CBS
137,0.4926,Fri Mar 30 16:50:00 +0000 2018,0.873,0.0,0.127,Take and post a photo of the woman in your life who inspires you! The photo should only have one person against a n‚Ä¶ https://t.co/BHdxXlWfKP,38,CBS
138,0.0,Thu Mar 29 17:32:40 +0000 2018,1.0,0.0,0.0,"Expect epic performances by @kanebrown , @kelly_clarkson, @OfficialJackson, and more at this year's 53rd #ACMawards‚Ä¶ https://t.co/3yso7Z0cjv",39,CBS
139,0.0,Thu Mar 29 17:30:02 +0000 2018,1.0,0.0,0.0,"Will @HIGHVALLEY, @LancoMusic, @LOCASHmusic, @MidlandOfficial, or @runawayjune be named New Vocal Duo Or Group Of T‚Ä¶ https://t.co/v0QIPLC47R",40,CBS
140,0.3818,Tue Mar 27 21:00:01 +0000 2018,0.68,0.108,0.212,Count on Entertainer Of The Year nominee @LukeBryanOnline to crash the party with an epic performance at the 53rd‚Ä¶ https://t.co/27ua60HTqu,41,CBS
141,0.296,Tue Mar 27 17:00:00 +0000 2018,0.901,0.0,0.099,Join @eltonofficial and some of today's hottest names in music when they take the stage to perform his most memorab‚Ä¶ https://t.co/jz0jaShZIj,42,CBS
142,0.508,Mon Mar 26 22:14:25 +0000 2018,0.88,0.0,0.12,"RT @ACMawards: The ACM for New Vocal Group of the Year goes to @MidlandOfficial! And yes, that really was @Reba on the phone! #ACMawards ht‚Ä¶",43,CBS
143,0.0,Mon Mar 26 20:42:48 +0000 2018,1.0,0.0,0.0,"RT @ACMawards: In case you didn‚Äôt know, the ACM for New Male Vocalist of the Year goes to @BrettYoungMusic. Check out his reaction when @Re‚Ä¶",44,CBS
144,0.7959,Mon Mar 26 16:59:19 +0000 2018,0.786,0.0,0.214,RT @ACMawards: Over the weekend @Reba called the ACM New Artist of the Year winners to let them know they had won! Let‚Äôs just say our New F‚Ä¶,45,CBS
145,0.807,Mon Mar 26 16:05:18 +0000 2018,0.622,0.0,0.378,"Congratulations to the 53rd #ACMawards New Artist winners @Lauren_Alaina, @MidlandOfficial, and @BrettYoungMusic! W‚Ä¶ https://t.co/Fr8H4arwGj",46,CBS
146,0.0,Sun Mar 25 23:57:34 +0000 2018,1.0,0.0,0.0,New start times in East/Central Time Zones #60Minutes 7:35ET/6:35CT #Instinct  8:35ET/7:35CT #NCISLA 9:35ET/8:35CT‚Ä¶ https://t.co/8W5hAeLrvs,47,CBS
147,0.5319,Sun Mar 25 17:15:25 +0000 2018,0.78,0.062,0.157,Don‚Äôt miss a minute of the action. Stream the¬†Elite Eight¬Æ¬†games LIVE today starting at 2PM ET with a FREE trial of‚Ä¶ https://t.co/8NwU8HdiHR,48,CBS
148,0.5399,Sat Mar 24 22:46:53 +0000 2018,0.801,0.0,0.199,RT @MomCBS: That's a wrap on the #Mom panel at #PaleyFest! Thanks for following along! https://t.co/we4JgqPt6P,49,CBS
149,-0.34,Sat Mar 24 22:46:43 +0000 2018,0.7,0.185,0.115,RT @MomCBS: A fan just commented that #Mom helped bring him out of a deep depression. üíúüíúüíú #PaleyFest,50,CBS
150,0.7003,Sat Mar 24 22:25:03 +0000 2018,0.791,0.0,0.209,"RT @MomCBS: ""Go out for it anyway. If you're good for the role, you're good for the role."" @theJaimePressly's advice for aspiring actors wi‚Ä¶",51,CBS
151,0.0,Sat Mar 24 22:21:37 +0000 2018,1.0,0.0,0.0,RT @MomCBS: Mom Co-Creator @GemmaRBaker just pointed out her own #Mom in the audience at #PaleyFest! üíú,52,CBS
152,0.0,Sat Mar 24 22:21:34 +0000 2018,1.0,0.0,0.0,"RT @MomCBS: ""I'm not someone in recovery who goes to AA, but I have taken so much away from it...to take one day at a time."" - @theJaimePre‚Ä¶",53,CBS
153,0.7184,Sat Mar 24 22:21:26 +0000 2018,0.667,0.0,0.333,"RT @MomCBS: ""You get to appreciate working with such talented people."" - @AnnaKFaris #Mom #PaleyFest",54,CBS
154,0.9451,Sat Mar 24 22:21:23 +0000 2018,0.58,0.0,0.42,RT @MomCBS: ‚ÄúI love this job. I love working with these women. I love working in front of the live audience‚Ä¶ It‚Äôs alive and it‚Äôs fun.‚Äù - @A‚Ä¶,55,CBS
155,0.0,Sat Mar 24 20:00:02 +0000 2018,1.0,0.0,0.0,"Get on your feet for @Jason_Aldean, @ThomasRhett, @ChrisStapleton, @KeithUrban, and @ChrisYoungMusic, the five nomi‚Ä¶ https://t.co/oT5ogjdj4x",56,CBS
156,0.6996,Fri Mar 23 22:33:52 +0000 2018,0.806,0.0,0.194,Get ready for some sweet games! Stream #5 Clemson vs #1 Kansas LIVE at 7PM ET and #11 Syracuse vs #2 Duke LIVE at 9‚Ä¶ https://t.co/4WstgrKNnW,57,CBS
157,0.4939,Fri Mar 23 22:33:04 +0000 2018,0.686,0.0,0.314,RT @SEALTeamCBS: In honor of #NationalPuppyDay... üòç #SEALTeam https://t.co/4mIZPpiRlU,58,CBS
158,0.8997,Fri Mar 23 22:32:48 +0000 2018,0.645,0.0,0.355,"RT @HawaiiFive0CBS: Nothing like a man and his dog! üòçüê∂ Happy #NationalPuppyDay to Eddie, the best pup on the Five-0 Task Force! #H50 https:‚Ä¶",59,CBS
159,0.0,Thu Mar 22 22:10:29 +0000 2018,1.0,0.0,0.0,Game on! 16 teams left and the race to the finish continues tonight. Stream #11 Loyola-Chicago vs #7 Nevada LIVE at‚Ä¶ https://t.co/W374rmzzoC,60,CBS
160,0.7081,Thu Mar 22 20:52:02 +0000 2018,0.623,0.066,0.311,Save the date! These are season finales you do NOT want to miss. RT if you're excited! https://t.co/UUQoWsPPSh https://t.co/cDl4WmxMtU,61,CBS
161,0.636,Thu Mar 22 00:23:38 +0000 2018,0.802,0.0,0.198,Congratulations to all of the @CBSDaytime nominees for the #DaytimeEmmys! See the full list of #DaytimeEmmy nominee‚Ä¶ https://t.co/ivJVJWvfsf,62,CBS
162,0.0,Wed Mar 21 18:00:01 +0000 2018,1.0,0.0,0.0,Female Vocalist Of The Year nominee @MarenMorris will show her fans how it‚Äôs done when she takes the stage to showc‚Ä¶ https://t.co/PITjmAoFT8,63,CBS
163,0.5106,Tue Mar 20 20:00:01 +0000 2018,0.858,0.0,0.142,The legendary @Reba returns to host the 53rd #ACMawards and she‚Äôs proving just how comfortable she is behind the mi‚Ä¶ https://t.co/XPXcSPRXqC,64,CBS
164,0.0,Tue Mar 20 17:58:43 +0000 2018,1.0,0.0,0.0,RT @nancyodell: Told my daughter I'd be presenting at @ACMawards again this year. (Woot woot!We both luv country music!)She took this pic o‚Ä¶,65,CBS
165,0.5562,Tue Mar 20 16:52:42 +0000 2018,0.826,0.0,0.174,RT @ladyantebellum: Ecstatic to announce we'll be performing at the #ACMawards in Las Vegas again this year! https://t.co/Qfhs94j6FR,66,CBS
166,0.0,Tue Mar 20 16:11:00 +0000 2018,1.0,0.0,0.0,"Country superstars @kennychesney, @ladyantebellum, @blakeshelton, and @KeithUrban have just been added to the stell‚Ä¶ https://t.co/bJ4If7MacP",67,CBS
167,0.7845,Mon Mar 19 21:02:26 +0000 2018,0.619,0.072,0.309,"RT @YandR_CBS: Forever evolving, Forever inspiring, Forever Young and Restless. ‚ù§Ô∏è Get ready to celebrate 45 years of #YR starting in just‚Ä¶",68,CBS
168,0.0,Sun Mar 18 23:44:30 +0000 2018,1.0,0.0,0.0,New start times in East/Central Time Zones: #60Minutes 7:37ET/6:37CT #Instinct series premiere 8:37ET/7:37CT‚Ä¶ https://t.co/xT3YKqmu2M,69,CBS
169,0.6514,Sun Mar 18 18:05:43 +0000 2018,0.787,0.0,0.213,Spend your Sunday streaming Second Round games LIVE with a FREE trial of CBS All Access! https://t.co/3P85rXLy4b https://t.co/zbWfirD9Ju,70,CBS
170,0.1867,Sun Mar 18 17:09:53 +0000 2018,0.92,0.0,0.08,"RT @instinctcbs: TONIGHT, Dr. Dylan Reinhart rewrites the book on abnormal behavior. Don't miss the premiere of #Instinct at 8/7c! https://‚Ä¶",71,CBS
171,0.0,Sat Mar 17 19:00:02 +0000 2018,1.0,0.0,0.0,"If any duo knows how to rock the stage, it's @FLAGALine. The Vocal Duo Of The Year nominee will perform live at the‚Ä¶ https://t.co/FknabB8NQp",72,CBS
172,0.6166,Sat Mar 17 17:42:43 +0000 2018,0.839,0.0,0.161,How is your bracket looking after last night? Stream Second Round games LIVE today with a FREE trial of CBS All Acc‚Ä¶ https://t.co/25JlIpgwog,73,CBS
173,0.7096,Sat Mar 17 14:00:03 +0000 2018,0.753,0.0,0.247,Where better to spend #StPatricksDay than the place everybody knows your name? It‚Äôs just your luck that every singl‚Ä¶ https://t.co/Fom5wmdENL,74,CBS
174,0.296,Fri Mar 16 22:53:21 +0000 2018,0.896,0.0,0.104,Stars @JakeMcDorman and Nik Dodani will join the cast in the upcoming revival of Murphy Brown coming to CBS.‚Ä¶ https://t.co/JCAx29lo0i,75,CBS
175,0.0,Fri Mar 16 18:15:53 +0000 2018,1.0,0.0,0.0,"RT @thegoodfight: Go behind the scenes with costume designer @DanLawsonStyle in ""Behind The Style,"" a new weekly video series all about the‚Ä¶",76,CBS
176,0.6514,Fri Mar 16 16:28:40 +0000 2018,0.822,0.0,0.178,The games have just begun! Continue to stream First Round games LIVE today with a FREE trial of CBS All Access:‚Ä¶ https://t.co/YTGsJ48zYP,77,CBS
177,0.7088,Thu Mar 15 17:54:06 +0000 2018,0.763,0.0,0.237,"RT @TheTalkCBS: You asked, we answered! The fun never ends when the ladies #KeepTalking and answer your fan questions üó£üí¨‚û°Ô∏è https://t.co/ie1‚Ä¶",78,CBS
178,-0.4939,Thu Mar 15 17:20:26 +0000 2018,0.766,0.157,0.077,RT @instinctcbs: Dr. Dylan Reinhart is lured back into the field from his life of quiet academia when a certain serial killer makes things‚Ä¶,79,CBS
179,0.6514,Thu Mar 15 16:42:41 +0000 2018,0.806,0.0,0.194,Stream First Round games LIVE today starting at 12PM ET with a FREE trial of CBS All Access! https://t.co/3P85rXLy4b https://t.co/vZow3YD8cb,80,CBS
180,0.6115,Thu Mar 15 14:32:16 +0000 2018,0.734,0.0,0.266,RT @CBSSports: It's the most wonderful time of the year. #MarchMadness https://t.co/e4c9qohqSR,81,CBS
181,0.6696,Wed Mar 14 19:30:01 +0000 2018,0.781,0.0,0.219,"Give these ladies some love! @Lauren_Alaina, @DBradbery, @carlypearce, and @RaeLynn are nominated for New Female Vo‚Ä¶ https://t.co/IVhwURfJ3S",82,CBS
182,0.3612,Tue Mar 13 18:48:52 +0000 2018,0.857,0.0,0.143,"RT @ManWithAPlan: Hungry for more #ManWithAPlan bloopers and behind-the-scenes videos featuring cast like @matt_leblanc, @thelizasnyder, @k‚Ä¶",83,CBS
183,0.539,Tue Mar 13 14:15:10 +0000 2018,0.821,0.0,0.179,"Music stars @MileyCyrus, @edsheeran, @ladygaga, and more will honor the legendary @eltonofficial and his hit songs‚Ä¶ https://t.co/UzxARCCLnI",84,CBS
184,0.2244,Mon Mar 12 18:13:28 +0000 2018,0.917,0.0,0.083,RT @thegoodfight: The verdict is in. The new season of #TheGoodFight is üî•üî•üî•! Stream it now on CBS All Access: https://t.co/FkYSNSXlRb https‚Ä¶,85,CBS
185,0.0,Mon Mar 12 01:20:43 +0000 2018,1.0,0.0,0.0,"RT @MadamSecretary: In less than an hour, #MadamSecretary's Keith Carradine will be taking over the @MadamSecretary Twitter page! Tweet alo‚Ä¶",86,CBS
186,0.4926,Fri Mar 09 22:48:26 +0000 2018,0.883,0.0,0.117,RT @DierksBentley: Take and post a photo of the woman in your life who inspires you daily! Use the hashtag #WomanAmenACM in your post for a‚Ä¶,87,CBS
187,0.1275,Fri Mar 09 22:24:20 +0000 2018,0.795,0.092,0.113,"RT @MomCBS: If you missed guest star @KChenoweth in the latest episode of #Mom, not to worry! Watch now: https://t.co/RlvXoGOZ0l https://t.‚Ä¶",88,CBS
188,0.4215,Fri Mar 09 21:10:21 +0000 2018,0.823,0.0,0.177,"Give a round of applause to @KelseaBallerini, @MirandaLambert, @Reba, @MarenMorris, and @CarrieUnderwood, the five‚Ä¶ https://t.co/Ncp1BTXx6N",89,CBS
189,0.8658,Fri Mar 09 18:27:28 +0000 2018,0.553,0.0,0.447,"RT @thegoodfight: Smart, sexy, and sophisticated. See what's coming this season on #TheGoodFight. https://t.co/CuKhx2G50P https://t.co/ygTI‚Ä¶",90,CBS
190,0.0,Fri Mar 09 16:02:27 +0000 2018,1.0,0.0,0.0,RT @BlueBloods_CBS: Even stand-up guys fall down sometimes. #BlueBloods is new tonight at 10/9c! https://t.co/UOlDm22wWW,91,CBS
191,0.8625,Thu Mar 08 18:00:49 +0000 2018,0.664,0.0,0.336,Today and every day we celebrate the women in our lives who empower and inspire us. Share a story about an¬†influent‚Ä¶ https://t.co/9rVtqrElvT,92,CBS
192,0.4926,Thu Mar 08 17:03:04 +0000 2018,0.868,0.0,0.132,Take and post a photo of the woman in your life who inspires you daily! Use the hashtag #WomanAmenACM in your post‚Ä¶ https://t.co/7ShhvE48zy,93,CBS
193,-0.2023,Wed Mar 07 18:39:10 +0000 2018,0.619,0.23,0.15,"RT @thegoodfight: Meticulously constructed. Soapy &amp; sexy. Intoxicating, savage television. üî• Here's what critics are saying about #TheGoodF‚Ä¶",94,CBS
194,0.0,Wed Mar 07 17:06:02 +0000 2018,1.0,0.0,0.0,"This just in! @Jason_Aldean, @mirandalambert, @LukeBryanOnline, and many more are set to perform at the 53rd Academ‚Ä¶ https://t.co/mfxw2VxzU4",95,CBS
195,0.6705,Tue Mar 06 18:10:59 +0000 2018,0.756,0.0,0.244,"Meet the ensemble of talented actors slated to join $1, a new mystery series coming to CBS All Access:‚Ä¶ https://t.co/QoyYv7vxwg",96,CBS
196,0.3818,Mon Mar 05 22:16:43 +0000 2018,0.833,0.0,0.167,"Will @Jason_Aldean, @garthbrooks, @LukeBryanOnline, @ChrisStapleton, or @KeithUrban be named Entertainer Of The Yea‚Ä¶ https://t.co/rMD8zjeX3s",97,CBS
197,0.4404,Sun Mar 04 08:05:26 +0000 2018,0.884,0.0,0.116,"RT @thegoodfight: It feels good to be back. üë†üíÑüî• The season 2 premiere of #TheGoodFight is now streaming, exclusively on CBS All Access: htt‚Ä¶",98,CBS
198,0.0,Sat Mar 03 20:55:20 +0000 2018,1.0,0.0,0.0,"RT @thegoodfight: Tomorrow, #TheGoodFight is back. Stream the season 2 premiere only on CBS All Access: https://t.co/tNFR8LBJO2 https://t.c‚Ä¶",99,CBS
199,0.7096,Fri Mar 02 22:30:01 +0000 2018,0.753,0.0,0.247,"Who are the trailblazing women in your life that inspire you? Join CBS and the ANA's #SeeHer initiative, celebratin‚Ä¶ https://t.co/M0KqZ41Bes",100,CBS
200,-0.5267,Wed Apr 11 00:30:18 +0000 2018,0.64,0.248,0.112,"Carl Bernstein: ""We have a President of the United States willing to risk a constitutional crisis for this nation s‚Ä¶ https://t.co/nSqPntulRT",1,CNN
201,0.2354,Wed Apr 11 00:25:11 +0000 2018,0.819,0.073,0.108,"""I'm just not sure we connected. He was too rehearsed, he did too good of a job. I wanted him just to come in, and‚Ä¶ https://t.co/5PB2WonHDo",2,CNN
202,0.4939,Wed Apr 11 00:17:45 +0000 2018,0.802,0.0,0.198,Special counsel Robert Mueller‚Äôs investigators met with members of President Trump‚Äôs legal team on the same day tha‚Ä¶ https://t.co/k7BY8w7BxE,3,CNN
203,0.4019,Wed Apr 11 00:15:55 +0000 2018,0.87,0.0,0.13,"President Trump tried to end special counsel Robert Mueller's probe in December, marking the second known attempt t‚Ä¶ https://t.co/OW3CZuw2bZ",4,CNN
204,0.0,Wed Apr 11 00:10:58 +0000 2018,1.0,0.0,0.0,Zuckerberg testified before Congress for 5 hours today https://t.co/RMv1F4GFk8 https://t.co/utP3HotcCG,5,CNN
205,-0.0572,Wed Apr 11 00:05:34 +0000 2018,0.942,0.058,0.0,"""I don't want anyone at our company to make any decisions based on the political ideology of the content."" Zuckerbe‚Ä¶ https://t.co/uBGThmsGAD",6,CNN
206,0.0,Tue Apr 10 23:54:13 +0000 2018,1.0,0.0,0.0,"A doctor who ran a fertility clinic in Canada used his own sperm to father at least 11 children, a class-action law‚Ä¶ https://t.co/6sGeEVVJLb",7,CNN
207,0.0,Tue Apr 10 23:52:21 +0000 2018,1.0,0.0,0.0,RT @CNNPhotos: Mark Zuckerberg testifies on Capitol Hill. Photos by @StephenVoss: https://t.co/1RE8rpZxoE https://t.co/rbCySMfYOJ,8,CNN
208,0.0,Tue Apr 10 23:49:43 +0000 2018,1.0,0.0,0.0,"RT @OutFrontCNN: ""I think the adults who have been supervising him have mostly left, and I think he feels that he can do almost anything he‚Ä¶",9,CNN
209,0.3818,Tue Apr 10 23:47:02 +0000 2018,0.867,0.0,0.133,President Trump has signed an executive order directing federal agencies to promote employment for those on public‚Ä¶ https://t.co/vB98yjM5br,10,CNN
210,-0.0258,Tue Apr 10 23:35:38 +0000 2018,0.659,0.174,0.168,How the Senate's tech illiteracy saved Mark Zuckerberg | Analysis by @CillizzaCNN https://t.co/Jjsu5UJerC https://t.co/TsOCsgHAjh,11,CNN
211,0.0,Tue Apr 10 23:31:30 +0000 2018,1.0,0.0,0.0,Why Trump chickened out of going to Peru https://t.co/fLkGqZXNkn via @CNNOpinion https://t.co/8ziy1DEZDT,12,CNN
212,0.5106,Tue Apr 10 23:31:00 +0000 2018,0.837,0.0,0.163,"Trump lawyer Michael Cohen says the FBI was ‚Äúprofessional, courteous, respectful‚Äù during raid, counter to Trump‚Äôs d‚Ä¶ https://t.co/8ldq5EIaOV",13,CNN
213,-0.6705,Tue Apr 10 23:28:10 +0000 2018,0.824,0.176,0.0,"The school board in Broward County, Florida -- where a gunman killed 17 students and staff members at one of its hi‚Ä¶ https://t.co/ZHX2HMO7Dk",14,CNN
214,-0.296,Tue Apr 10 23:25:47 +0000 2018,0.891,0.109,0.0,"Arizona students covered under the DACA program can no longer receive breaks on college tuition, the state's Suprem‚Ä¶ https://t.co/9zS9Jf2HdU",15,CNN
215,0.4767,Tue Apr 10 23:22:45 +0000 2018,0.633,0.113,0.253,"""The President and his supporters can keep calling special counsel Robert Mueller's investigation a 'witch hunt,' b‚Ä¶ https://t.co/Juf2qXG6zk",16,CNN
216,-0.34,Tue Apr 10 23:08:35 +0000 2018,0.876,0.124,0.0,BREAKING: President Trump is considering firing Deputy Attorney General Rod Rosenstein in an effort to put greater‚Ä¶ https://t.co/C9Tbkxmo5y,17,CNN
217,0.4939,Tue Apr 10 23:00:41 +0000 2018,0.824,0.0,0.176,"Sen. John Kennedy had a blunt message for Facebook CEO Mark Zuckerberg: ""Your user agreement sucks.""‚Ä¶ https://t.co/hmTTN6SWeU",18,CNN
218,0.2112,Tue Apr 10 22:54:53 +0000 2018,0.817,0.076,0.107,"RT @CNNSitRoom: The FBI raid was ""upsetting to say the least,"" Michael Cohen tells CNN‚Äôs @donlemon, but does not fault the FBI agents https‚Ä¶",19,CNN
219,-0.6808,Tue Apr 10 22:46:12 +0000 2018,0.789,0.211,0.0,"Asked by @donlemon if he was worried, Trump lawyer Michael Cohen said, ""I would be lying to you if I told that I am‚Ä¶ https://t.co/IbPDvP3lie",20,CNN
220,0.5719,Tue Apr 10 22:46:08 +0000 2018,0.749,0.0,0.251,"Mark Zuckerberg tells Sen. Cory Booker that he is ""committed"" to ensuring activist groups like Black Lives Matter a‚Ä¶ https://t.co/lJIEDvXCp8",21,CNN
221,0.0,Tue Apr 10 22:42:41 +0000 2018,1.0,0.0,0.0,"In his first comments since the FBI raid on his home and office, Trump lawyer Michael Cohen said the FBI agents ""we‚Ä¶ https://t.co/u4CnBiwRqe",22,CNN
222,-0.4404,Tue Apr 10 22:40:06 +0000 2018,0.847,0.153,0.0,"While testifying before Congress, Mark Zuckerberg denied that Facebook is listening in on users' phone calls‚Ä¶ https://t.co/6JeeNNQJJW",23,CNN
223,0.0,Tue Apr 10 22:34:05 +0000 2018,1.0,0.0,0.0,"Sen. Blumenthal said he was ""dissatisfied"" with Mark Zuckerberg's testimony before Congress https://t.co/5NTRTCZ8xx https://t.co/hx5FABTEhM",24,CNN
224,0.743,Tue Apr 10 22:31:04 +0000 2018,0.717,0.0,0.283,"JUST IN: Michael Cohen says FBI were 'professional, courteous, respectful' in raids, counter to Trump's depiction o‚Ä¶ https://t.co/hdVfnUxr4M",25,CNN
225,0.0,Tue Apr 10 22:25:23 +0000 2018,1.0,0.0,0.0,Why trillion-dollar budget deficits may be on a fast track to $2 trillion https://t.co/ZJlTG0DU6r https://t.co/0kox8paOzu,26,CNN
226,-0.4019,Tue Apr 10 22:08:55 +0000 2018,0.828,0.172,0.0,"Congress, let Facebook fix its own problems | By Alice Stewart via @CNNOpinion https://t.co/67U28UPTdL https://t.co/2IgkO7ooYa",27,CNN
227,-0.3089,Tue Apr 10 22:07:06 +0000 2018,0.876,0.124,0.0,"Sen. Dan Sullivan asks Mark Zuckerberg, ""Is Facebook too powerful?"" Zuckerberg didn't say yes or no‚Ä¶ https://t.co/C8p20Pxvvt",28,CNN
228,0.0,Tue Apr 10 22:07:04 +0000 2018,1.0,0.0,0.0,What happens to communications swept up in the FBI raid on the office and hotel room of Michael Cohen? That's where‚Ä¶ https://t.co/ivzRY7eUfC,29,CNN
229,0.0,Tue Apr 10 22:00:05 +0000 2018,1.0,0.0,0.0,"Facebook CEO Mark Zuckerberg confirmed during his testimony before Congress, that his company is cooperating with s‚Ä¶ https://t.co/pa19jTmP1z",30,CNN
230,-0.4404,Tue Apr 10 21:57:07 +0000 2018,0.868,0.132,0.0,Facebook's data scandal has gotten a lot more personal for millions of users. Here's what to do if your information‚Ä¶ https://t.co/g0dzBHGhO5,31,CNN
231,0.0,Tue Apr 10 21:52:02 +0000 2018,1.0,0.0,0.0,"Prices at the pump are likely to be 14% higher than last summer ‚Äî an average of $2.74 per gallon, the US government‚Ä¶ https://t.co/YAqRJdiDG7",32,CNN
232,-0.5994,Tue Apr 10 21:46:43 +0000 2018,0.766,0.234,0.0,"When Sen. Chris Coons confronted Mark Zuckerberg about fake profiles, Zuckerberg said Facebook needs to do a better‚Ä¶ https://t.co/hxkpmdeFGk",33,CNN
233,-0.2263,Tue Apr 10 21:36:43 +0000 2018,0.894,0.106,0.0,A lawsuit against Harvard on behalf of Asian-American students moved a step further as a US district judge proposed‚Ä¶ https://t.co/orkd3Wi3zB,34,CNN
234,0.3182,Tue Apr 10 21:29:19 +0000 2018,0.881,0.0,0.119,America made a promise in 1968. It's time to keep it. | By Heather K. Way via @CNNOpinion https://t.co/Bv3jvsilaj https://t.co/7EpdiAlOue,35,CNN
235,-0.3612,Tue Apr 10 21:25:25 +0000 2018,0.681,0.213,0.106,"As US President Donald Trump promised to respond ""forcefully"" to a suspected chemical attack in Syria within ""24 or‚Ä¶ https://t.co/k7xe2PkdeQ",36,CNN
236,0.0516,Tue Apr 10 21:21:20 +0000 2018,0.769,0.111,0.12,Chinese investment in the United States plummeted in 2017. And that was before a trade fight erupted between the tw‚Ä¶ https://t.co/ewYiDY4m8Y,37,CNN
237,0.0,Tue Apr 10 21:18:49 +0000 2018,1.0,0.0,0.0,A federal court has ruled that employers cannot use salary history to justify paying women less than men for the sa‚Ä¶ https://t.co/NgZNXO4H4j,38,CNN
238,-0.1027,Tue Apr 10 21:12:22 +0000 2018,0.928,0.072,0.0,Sen. Cruz grilled Zuckerberg over whether Facebook has political bias. Zuckerberg said Facebook's goal is not to en‚Ä¶ https://t.co/DUe6OsZeYn,39,CNN
239,0.7269,Tue Apr 10 21:04:26 +0000 2018,0.747,0.0,0.253,"Sen. Durbin presses Zuckerberg on privacy issues, asking: ""Would you be comfortable sharing with us the name of the‚Ä¶ https://t.co/sesLkVzO6n",40,CNN
240,0.0,Tue Apr 10 20:58:00 +0000 2018,1.0,0.0,0.0,"EMILY's List President Stephanie Schriock says there is an ""avalanche"" of women running for office, and it's nothin‚Ä¶ https://t.co/htAXuIBE2P",41,CNN
241,-0.6908,Tue Apr 10 20:49:08 +0000 2018,0.489,0.382,0.129,"The ""Roseanne"" reboot is ugly, uncomfortable and distressing. Good. | By Richard Morgan via @CNNOpinion‚Ä¶ https://t.co/AdU4y0eptm",42,CNN
242,-0.1027,Tue Apr 10 20:47:12 +0000 2018,0.924,0.076,0.0,"After questioning Mark Zuckerberg, Senator Graham told reporters that he thought the Facebook CEO was ‚Äúlike Jell-O‚Äù‚Ä¶ https://t.co/T9F061mH2H",43,CNN
243,-0.34,Tue Apr 10 20:43:28 +0000 2018,0.876,0.124,0.0,The White House just let slip a big secret about the possibility of firing Robert Mueller | Analysis by‚Ä¶ https://t.co/L4h4LPvDD1,44,CNN
244,-0.4019,Tue Apr 10 20:39:38 +0000 2018,0.828,0.172,0.0,The right's insane sliming of David Hogg | By Jill Filipovic via @CNNOpinion https://t.co/KZovIX0L6I https://t.co/vENpv089UK,45,CNN
245,0.0,Tue Apr 10 20:37:20 +0000 2018,1.0,0.0,0.0,"After a brief recess, Facebook CEO Mark Zuckerberg continues to testify before Congress https://t.co/310VEWUDqZ
Wat‚Ä¶ https://t.co/cJsFXrbtag",46,CNN
246,-0.296,Tue Apr 10 20:37:02 +0000 2018,0.879,0.121,0.0,"A 12-year-old video showing a sheriff discussing the cost of inmate and suspect deaths, versus keeping them alive,‚Ä¶ https://t.co/npWvBbq84O",47,CNN
247,-0.5574,Tue Apr 10 20:33:17 +0000 2018,0.735,0.265,0.0,A woman died after being given formaldehyde instead of saline https://t.co/IfR9k8BL2u https://t.co/Nh1RBQ7dt2,48,CNN
248,0.0516,Tue Apr 10 20:32:04 +0000 2018,0.941,0.0,0.059,"""We've seen the apology tours before."" Sen. Richard Blumenthal has staffers stand behind him and hold up a sign tha‚Ä¶ https://t.co/m9otTfXHfP",49,CNN
249,0.7717,Tue Apr 10 20:25:37 +0000 2018,0.705,0.0,0.295,"Facebook stock finished the day with a 4.5% gain, a seeming sign of confidence in Zuckerberg from Wall Street‚Ä¶ https://t.co/UWFv4R8CKY",50,CNN
250,-0.6249,Tue Apr 10 20:20:51 +0000 2018,0.76,0.24,0.0,Why the Parkland crisis continues to resonate | By John Heubusch via @CNNOpinion https://t.co/cWRcjWafzA https://t.co/CDvWuqmcZ0,51,CNN
251,0.0,Tue Apr 10 20:19:05 +0000 2018,1.0,0.0,0.0,Zuckerberg says he's totally behind this piece of legislation that would disclose political ads‚Ä¶ https://t.co/O1dmbGVk4l,52,CNN
252,-0.6705,Tue Apr 10 20:15:09 +0000 2018,0.632,0.268,0.1,"Just four days after a bus crash killed 15 people, including 10 young hockey players, a GoFundMe to help the victim‚Ä¶ https://t.co/U3BEKhnjSN",53,CNN
253,-0.296,Tue Apr 10 20:14:06 +0000 2018,0.833,0.167,0.0,Is Zuckerberg under oath right now? The answer is no. https://t.co/TO4Wh4J8ss https://t.co/CxIFRNr1km,54,CNN
254,0.34,Tue Apr 10 20:10:22 +0000 2018,0.882,0.0,0.118,Russia has vetoed a US draft resolution at the UN Security Council that would have established an independent inves‚Ä¶ https://t.co/AN6lVg9UGN,55,CNN
255,0.0,Tue Apr 10 20:09:25 +0000 2018,1.0,0.0,0.0,Zuckerberg says he doesn't know if Facebook employees were involved with Cambridge Analytica during the 2016 presid‚Ä¶ https://t.co/Kxzwk2VZwJ,56,CNN
256,-0.1685,Tue Apr 10 20:04:20 +0000 2018,0.847,0.092,0.061,"""I want to clarify, I'm not sure we have subpoenas. I know we're working with them,"" Zuckerberg said after confirmi‚Ä¶ https://t.co/Qsvv0Z7zFU",57,CNN
257,0.5859,Tue Apr 10 20:01:46 +0000 2018,0.769,0.0,0.231,Kellyanne Conway's husband appears to be defending special counsel Robert Mueller's investigation as well as the FB‚Ä¶ https://t.co/85jRT6Rm1z,58,CNN
258,0.0,Tue Apr 10 19:59:29 +0000 2018,1.0,0.0,0.0,"Sen. Graham asks Zuckerberg about Facebook's competition, ""You don't think you have a monopoly?""‚Ä¶ https://t.co/x3bZxSVFNk",59,CNN
259,-0.1027,Tue Apr 10 19:57:24 +0000 2018,0.896,0.104,0.0,Equal pay activist Lilly Ledbetter wants to meet with Ivanka Trump https://t.co/uGqN7YKi9a https://t.co/w0AHoimYta,60,CNN
260,0.0,Tue Apr 10 19:57:06 +0000 2018,1.0,0.0,0.0,These demonstrators before the joint hearing of the Senate Judiciary and Commerce Committees with Mark Zuckerberg s‚Ä¶ https://t.co/TGxMvEmwdU,61,CNN
261,0.0,Tue Apr 10 19:52:01 +0000 2018,1.0,0.0,0.0,"Sen. Lindsey Graham asks Mark Zuckerberg about Facebook's Terms of Service, holding up a printed version, adds that‚Ä¶ https://t.co/bVT1FQ3yFU",62,CNN
262,0.624,Tue Apr 10 19:49:51 +0000 2018,0.806,0.0,0.194,Michael Cohen and the absolutely amazing history of the once-coveted New York City taxi medallion | Analysis by‚Ä¶ https://t.co/koAiwfzsHF,63,CNN
263,0.296,Tue Apr 10 19:47:04 +0000 2018,0.905,0.0,0.095,"Shares of Facebook were up about 2% when the hearing began, and they moved even higher as CEO Mark Zuckerberg addre‚Ä¶ https://t.co/AQj1HRuOcZ",64,CNN
264,-0.2023,Tue Apr 10 19:42:15 +0000 2018,0.921,0.079,0.0,"Sinclair CEO on the controversial promos read by local anchors: ""We do not let extremists on any side of the politi‚Ä¶ https://t.co/39MMBLK3ZX",65,CNN
265,0.4019,Tue Apr 10 19:41:59 +0000 2018,0.838,0.0,0.162,Mark Zuckerberg says Facebook may have been served subpoenas from Special Counsel Mueller's office‚Ä¶ https://t.co/gbRrc3gXnL,66,CNN
266,-0.4767,Tue Apr 10 19:36:01 +0000 2018,0.76,0.24,0.0,Bankers are getting anxious as lawmakers wrestle with a bill that would cut regulations https://t.co/xcxpxIE0JD https://t.co/wo1GQa4JK6,67,CNN
267,0.4215,Tue Apr 10 19:34:42 +0000 2018,0.882,0.0,0.118,"Sen. Cantwell says to Zuckerberg, ""I believe you have all the talent, my question is whether you have all the will‚Ä¶ https://t.co/8UqFuc1s66",68,CNN
268,0.4019,Tue Apr 10 19:32:33 +0000 2018,0.847,0.0,0.153,Polls show the GOP is now President Trump's party | Analysis by CNN's Harry Enten https://t.co/ON672cHRwC https://t.co/rjlJ7BSiOD,69,CNN
269,0.5574,Tue Apr 10 19:27:07 +0000 2018,0.805,0.0,0.195,"""We want to offer a free service that everyone can afford."" Zuckerberg says the first line of Facebook's terms of s‚Ä¶ https://t.co/Ev4roGonfk",70,CNN
270,0.0762,Tue Apr 10 19:26:08 +0000 2018,0.933,0.0,0.067,"Sen Hatch asks Zuckerberg, ""How do you sustain a business model in which users don't pay for your service?""‚Ä¶ https://t.co/1T9vUpRuy9",71,CNN
271,0.4019,Tue Apr 10 19:22:42 +0000 2018,0.739,0.097,0.163,"Zuckerberg says that one of his greatest regrets in running Facebook is ""that we were slow in identifying the Russi‚Ä¶ https://t.co/Thu7Lo4L1d",72,CNN
272,0.0,Tue Apr 10 19:22:06 +0000 2018,1.0,0.0,0.0,"""It's extraordinary to hold a joint committee hearing. It's even more extraordinary to have a single CEO testify be‚Ä¶ https://t.co/WDCcSU2OcY",73,CNN
273,0.0772,Tue Apr 10 19:21:59 +0000 2018,0.779,0.104,0.117,"JUST IN: President Trump ""believes he has the power to"" fire special counsel Robert Mueller, White House press secr‚Ä¶ https://t.co/8Oai9qtDzM",74,CNN
274,0.4754,Tue Apr 10 19:17:52 +0000 2018,0.829,0.0,0.171,Zuckerberg: We need to take a more proactive role and a broader view of our responsibility https://t.co/NPHrJM7GGX https://t.co/9Ih1I5u4X8,75,CNN
275,0.0,Tue Apr 10 19:14:36 +0000 2018,1.0,0.0,0.0,Mark Zuckerberg says when Facebook first learned of Cambridge Analytica buying data from an app developer on Facebo‚Ä¶ https://t.co/T03jZbWojq,76,CNN
276,0.0,Tue Apr 10 19:12:05 +0000 2018,1.0,0.0,0.0,Here's everything Zuckerberg just said in his opening remarks to members of the Senate committees:‚Ä¶ https://t.co/RAAvkXbIxP,77,CNN
277,0.0772,Tue Apr 10 19:05:23 +0000 2018,0.766,0.092,0.142,"""It's clear now that we didn't do enough to prevent these tools from being used for harm...It was my mistake, and I‚Ä¶ https://t.co/aeJwZipXdG",78,CNN
278,-0.4215,Tue Apr 10 19:03:03 +0000 2018,0.872,0.128,0.0,Zuckerberg and his team held mock hearings to prepare for today's grilling. A conference room at Facebook was set u‚Ä¶ https://t.co/7XECcVlJA9,79,CNN
279,0.0,Tue Apr 10 19:02:39 +0000 2018,1.0,0.0,0.0,"Zuckerberg says, ""Advertisers and developers will never take priority over that as long as I am running Facebook"" https://t.co/q6tL8M7eeQ",80,CNN
280,0.0,Tue Apr 10 18:58:04 +0000 2018,1.0,0.0,0.0,"This attendee of Mark Zuckerberg's testimony before Congress is wearing a handmade shirt that says ""#DeleteFacebook‚Ä¶ https://t.co/3nzxGM0E0B",81,CNN
281,0.0,Tue Apr 10 18:57:43 +0000 2018,1.0,0.0,0.0,Zuckerberg says before Congress: It's not enough to just connect people https://t.co/gotW9k8299 https://t.co/eoxESUU44q,82,CNN
282,0.3818,Tue Apr 10 18:56:04 +0000 2018,0.867,0.0,0.133,"Sen. Nelson says in his opening remarks to Mark Zuckerberg, ""Facebook has a responsibility to protect this personal‚Ä¶ https://t.co/yOgPJyJXtV",83,CNN
283,0.0,Tue Apr 10 18:55:11 +0000 2018,1.0,0.0,0.0,"White House press secretary Sarah Sanders on the FBI raid of Trump lawyer Michael Cohen's office: ""I think that the‚Ä¶ https://t.co/r8Hua5JoNk",84,CNN
284,0.0,Tue Apr 10 18:53:30 +0000 2018,1.0,0.0,0.0,"Facebook CEO Mark Zuckerberg is testifying before Congress.

Watch on CNN: https://t.co/UYpqI3w42L

Watch on Facebo‚Ä¶ https://t.co/oSGLlmF3ry",85,CNN
285,0.4019,Tue Apr 10 18:46:07 +0000 2018,0.876,0.0,0.124,RT @CNNPolitics: White House press secretary Sarah Sanders says President Trump thinks special counsel Robert Mueller‚Äôs probe ‚Äúhas gone too‚Ä¶,86,CNN
286,0.0772,Tue Apr 10 18:40:58 +0000 2018,0.92,0.0,0.08,"Facebook CEO Mark Zuckerberg is testifying before Congress: https://t.co/GM8O5wobAa

Have questions? We want to hea‚Ä¶ https://t.co/yakAlqbwhF",87,CNN
287,0.0,Tue Apr 10 18:35:01 +0000 2018,1.0,0.0,0.0,"Facebook CEO Mark Zuckerberg has arrived to testify before Congress
Watch on CNN: https://t.co/UYpqI3w42L‚Ä¶ https://t.co/BIK7YfQqVV",88,CNN
288,0.6249,Tue Apr 10 18:31:02 +0000 2018,0.814,0.0,0.186,"Snowfall across the great white continent of Antarctica is increasing, according to a study released this week by a‚Ä¶ https://t.co/LQh9rCABoI",89,CNN
289,0.6204,Tue Apr 10 18:18:00 +0000 2018,0.612,0.0,0.388,Apple is now completely powered by clean energy https://t.co/YEndWOan9Z https://t.co/TmEh8lSGxB,90,CNN
290,0.2023,Tue Apr 10 18:10:09 +0000 2018,0.756,0.099,0.145,They've marched 7 days across Oklahoma. Now Tulsa teachers are ready to confront lawmakers. https://t.co/68apefSHmJ https://t.co/KR687QGFIT,91,CNN
291,0.5574,Tue Apr 10 18:00:14 +0000 2018,0.841,0.0,0.159,"""I will do everything I can to make Facebook... a positive force in the world"": Here's the message Facebook CEO Mar‚Ä¶ https://t.co/FymihRn1cE",92,CNN
292,0.1779,Tue Apr 10 18:00:05 +0000 2018,0.855,0.0,0.145,This is Mark Zuckerberg's growing up moment | via @LaurieSegallCNN https://t.co/pPPC8TB63j https://t.co/Js7oLn3o8i,93,CNN
293,0.0,Tue Apr 10 17:52:59 +0000 2018,1.0,0.0,0.0,".@LaurieSegallCNN is in the room where Facebook CEO Mark Zuckerberg is due to face questions. On the desk, there's‚Ä¶ https://t.co/PHxCDdQmcv",94,CNN
294,-0.5574,Tue Apr 10 17:50:04 +0000 2018,0.783,0.217,0.0,Louisiana is close to lifting its ban on bulletproof backpacks in schools https://t.co/qbW10lyCjA https://t.co/WefWWm3Ii8,95,CNN
295,0.0,Tue Apr 10 17:48:52 +0000 2018,1.0,0.0,0.0,"Facebook CEO Mark Zuckerberg will soon begin testifying before Congress: https://t.co/0OlGWpNRMF

Have questions? W‚Ä¶ https://t.co/MvYGjZo6di",96,CNN
296,0.0,Tue Apr 10 17:44:46 +0000 2018,1.0,0.0,0.0,The FBI raid on Trump's personal attorney sought records on the deal set up between an ex-Playboy Playmate who has‚Ä¶ https://t.co/y3A5nG2BB8,97,CNN
297,0.0,Tue Apr 10 17:40:10 +0000 2018,1.0,0.0,0.0,"An EPA official is expected to meet this week with congressional investigators to discuss his concerns, which inclu‚Ä¶ https://t.co/X0DllTm9Ur",98,CNN
298,0.4767,Tue Apr 10 17:30:09 +0000 2018,0.86,0.0,0.14,Facebook's press page was once filled with announcements about new features to order food and connect to friends in‚Ä¶ https://t.co/GkGoBR92vS,99,CNN
299,-0.1027,Tue Apr 10 17:20:11 +0000 2018,0.92,0.08,0.0,The gender pay gap isn't just about what you make. It's about what you do. https://t.co/PXIJRooiwF https://t.co/kkGGUKto6m,100,CNN
300,-0.3612,Wed Apr 11 00:32:14 +0000 2018,0.723,0.149,0.128,"RT @peggyrayzis: If you're horrified by @code_europe's lineup and want to demonstrate allyship, adopt an inclusivity rider for your future‚Ä¶",1,FOX
301,0.0,Wed Apr 11 00:17:24 +0000 2018,1.0,0.0,0.0,@skullface @superhighfives üëèüèª‚ú®üëØ‚Äç‚ôÄÔ∏è,2,FOX
302,0.5707,Wed Apr 11 00:11:48 +0000 2018,0.762,0.0,0.238,"@andymcmillan Yep. I‚Äôve called them out on the Code of Conduct before. Surprisingly, they didn‚Äôt reply!

https://t.co/fWtyyzoQ1M",3,FOX
303,0.0258,Wed Apr 11 00:01:37 +0000 2018,0.82,0.0,0.18,"@DominikRan It literally doesn‚Äôt matter.

https://t.co/Lwo9yGdldU",4,FOX
304,0.7579,Tue Apr 10 23:54:28 +0000 2018,0.735,0.0,0.265,Here are some of the companies proudly supporting this event and the state of inclusion and diversity it represents. https://t.co/XtAL5KLN6H,5,FOX
305,0.0258,Tue Apr 10 23:49:57 +0000 2018,0.922,0.0,0.078,"@karenmcgrane Sigh.

I think the only reasonable tech space there is currently Front Trends. https://t.co/dF0jt9Xter",6,FOX
306,0.0,Tue Apr 10 23:47:30 +0000 2018,1.0,0.0,0.0,@richardadalton üòÇüî•,7,FOX
307,0.7717,Tue Apr 10 23:47:12 +0000 2018,0.675,0.0,0.325,"@mulegirl Correct, initially I haven‚Äôt noticed as I was counting the avatars. 

Sounds like a great event to be a part of, sigh.",8,FOX
308,0.2263,Tue Apr 10 23:45:55 +0000 2018,0.681,0.119,0.2,"@karenmcgrane Yeah. Sadly, 90% events in Poland look like that. Seeing a Code of Conduct (even if it‚Äôs a copy-paste‚Ä¶ https://t.co/PCF8bosDel",9,FOX
309,0.5707,Tue Apr 10 23:44:19 +0000 2018,0.735,0.0,0.265,"@ManoMarks Agree!

There‚Äôs a Docker employee on the lineup; might worth chatting to them about it.",10,FOX
310,0.0,Tue Apr 10 23:40:59 +0000 2018,1.0,0.0,0.0,@karenmcgrane can‚Äôt wait to hear the excuses for this one if they ever reply. I‚Äôve actually called out this event before.,11,FOX
311,0.0,Tue Apr 10 23:24:10 +0000 2018,1.0,0.0,0.0,"@annkempster Omg, we need to make ‚Äúmanfrence‚Äù a thing and add it to the dictionary alongside the manspread and mansplain.",12,FOX
312,0.2023,Tue Apr 10 23:22:43 +0000 2018,0.904,0.0,0.096,"RT @EricaJoy: It is important to remember that today is #EqualPayDay for White women, not all women. https://t.co/GRnjXh9J9M",13,FOX
313,0.3818,Tue Apr 10 22:54:54 +0000 2018,0.874,0.0,0.126,"@FriendlyTester @old_sound It‚Äôs harder to keep track if you accept an invitation before the lineup is public. 

I h‚Ä¶ https://t.co/zFxbI9uvY4",14,FOX
314,0.5777,Tue Apr 10 22:45:43 +0000 2018,0.652,0.0,0.348,"@jstn Ahh, all of them are so good. ‚ú®",15,FOX
315,-0.0516,Tue Apr 10 22:30:56 +0000 2018,0.775,0.12,0.106,@superhighfives Do you think the entire event is just men shaking hands vigorously?,16,FOX
316,0.0,Tue Apr 10 22:30:36 +0000 2018,1.0,0.0,0.0,@mattschaar @superhighfives *laughs uncontrollably*,17,FOX
317,0.0,Tue Apr 10 22:29:31 +0000 2018,1.0,0.0,0.0,"@FriendlyTester üëèüèª @Julieanne! 

I‚Äôve written about my requirements for events in the past: https://t.co/IhfL6hoPVT ‚ú®",18,FOX
318,0.0,Tue Apr 10 22:27:01 +0000 2018,1.0,0.0,0.0,@superhighfives üòÇüòÇüòÇ,19,FOX
319,-0.25,Tue Apr 10 22:12:27 +0000 2018,0.726,0.158,0.115,"We need more people standing up for their values and against injustice.

Don‚Äôt speak at exclusionary, non-diverse e‚Ä¶ https://t.co/f9ewoyoi3c",20,FOX
320,0.6588,Tue Apr 10 22:11:43 +0000 2018,0.313,0.0,0.687,@janeruffino you‚Äôre awesome! ‚ú®,21,FOX
321,0.0,Tue Apr 10 22:10:20 +0000 2018,1.0,0.0,0.0,@FriendlyTester @code_europe üëèüèªüëèüèª,22,FOX
322,0.0,Tue Apr 10 22:09:54 +0000 2018,1.0,0.0,0.0,@_powpow_ üíÅüèª‚Äç‚ôÄÔ∏èü§¶üèª‚Äç‚ôÄÔ∏è,23,FOX
323,0.5093,Tue Apr 10 22:08:18 +0000 2018,0.477,0.0,0.523,@robocca Likewise! Haha. üòÇ‚úåüèª,24,FOX
324,0.0,Tue Apr 10 22:05:49 +0000 2018,1.0,0.0,0.0,RT @amelielamont: High Tea Talks NYC is searching for women/non-binary mid/senior frontend/backend engineers to speak at the May session.‚Ä¶,25,FOX
325,0.8779,Tue Apr 10 21:39:53 +0000 2018,0.641,0.0,0.359,"Oh pardon me, there‚Äôs one woman in the lineup. Must feel excellent to be surrounded by such a great portrayal of patriarchy.",26,FOX
326,-0.5423,Tue Apr 10 21:36:35 +0000 2018,0.696,0.304,0.0,"@perrynfowler @code_europe My bad, however it doesn‚Äôt change anything.",27,FOX
327,0.624,Tue Apr 10 21:28:56 +0000 2018,0.684,0.0,0.316,RT @sarahjeong: honestly I think this is the second most important exchange today https://t.co/Dsj3rQPmZe,28,FOX
328,0.0,Tue Apr 10 21:28:07 +0000 2018,1.0,0.0,0.0,@kerrizor @code_europe Oh snap üòÇ,29,FOX
329,0.0,Tue Apr 10 21:26:32 +0000 2018,1.0,0.0,0.0,"Imagine trying to believe their code of conduct is enforceable if the lineup is 90 men.

Ninety.
Men.",30,FOX
330,0.6114,Tue Apr 10 20:57:05 +0000 2018,0.8,0.0,0.2,"RT @JessicaValenti: Happy #EqualPayDay! Otherwise known as ""Have a Man Explain the Wage Gap in Your Mentions"" Day",31,FOX
331,0.5859,Tue Apr 10 20:44:08 +0000 2018,0.758,0.0,0.242,"Look carefully at the speakers and the companies they represent, they‚Äôre comfortable with that kind of lineup.",32,FOX
332,0.8955,Tue Apr 10 20:39:08 +0000 2018,0.546,0.0,0.454,"Wow, this one is a true achievement.

Congratulations on full lineup of 87 MALE SPEAKERS @code_europe!

https://t.co/LWvBGdS2JF",33,FOX
333,-0.5101,Tue Apr 10 11:18:14 +0000 2018,0.76,0.169,0.072,"I‚Äôm excited about more performance oriented events popping up, but I‚Äôm not happy about the homogeneity of their lineups. ü§∑üèª‚Äç‚ôÄÔ∏è",34,FOX
334,-0.0572,Tue Apr 10 09:25:19 +0000 2018,0.9,0.1,0.0,@Mandy_Kerr I never want to chat. Maybe that‚Äôs why my rating is 4.58 üòÇ,35,FOX
335,0.0,Tue Apr 10 08:03:13 +0000 2018,1.0,0.0,0.0,"My Uber driver has barely said a word but he is blasting ‚ÄúGenie in the bottle‚Äù by Christina Aguilera.

Five stars.",36,FOX
336,0.0,Tue Apr 10 06:19:48 +0000 2018,1.0,0.0,0.0,For your monthly dosage of performance news and tooling check out the latest @perfemail I‚Äôve just sent out. ‚ö°Ô∏è‚Ä¶ https://t.co/vHLNRkypQV,37,FOX
337,0.4306,Tue Apr 10 03:06:21 +0000 2018,0.815,0.0,0.185,"Omg, yes, I have been waiting for this so my design workflow (incl. print) can never leave @figmadesign again. üíñ¬†https://t.co/OmAo3LG0b7",38,FOX
338,0.0,Tue Apr 10 03:05:21 +0000 2018,1.0,0.0,0.0,RT @yassmin_a: Catch me on @ABCiview on 1st May for the show on Australia‚Äôs Hijabi Fashion Scene - #HIJABISTAS! #auspol https://t.co/dCiYVn‚Ä¶,39,FOX
339,0.6908,Tue Apr 10 02:26:54 +0000 2018,0.787,0.0,0.213,RT @beLaurie: But for real real just noticing a lot of ¬Ø\_(„ÉÑ)_/¬Ø on issues of race and companies giving themselves kudos for increasing num‚Ä¶,40,FOX
340,0.4588,Tue Apr 10 01:59:20 +0000 2018,0.812,0.0,0.188,Send me recommmensations for your favorite ambient albums. I have a lot of writing to do. üòá,41,FOX
341,0.7177,Tue Apr 10 00:55:06 +0000 2018,0.76,0.0,0.24,RT @amyngyn: I wrote this list of ways you can protect your friends from stalking/doxxing/identity theft! I'll thread the big points below‚Ä¶,42,FOX
342,-0.5423,Tue Apr 10 00:39:27 +0000 2018,0.788,0.212,0.0,@jonathontoon I have many quantifiable criteria and a lot of them fail them at first contact.,43,FOX
343,0.4588,Tue Apr 10 00:30:11 +0000 2018,0.75,0.0,0.25,@zealigan I will tweet and publish it on Medium :) https://t.co/bQ8XPk4ojR,44,FOX
344,0.0,Tue Apr 10 00:24:34 +0000 2018,1.0,0.0,0.0,A lot of interview processes are blatantly exclusionary‚ÄîI will be writing a guide to inclusive hiring practices. üíñ,45,FOX
345,0.0,Tue Apr 10 00:23:34 +0000 2018,1.0,0.0,0.0,"I‚Äôve spoken to ~40 companies so far while looking for a job. Learnings:

50% don‚Äôt meet basic inclusion and diversi‚Ä¶ https://t.co/nSXXKY6h2b",46,FOX
346,-0.3071,Tue Apr 10 00:09:00 +0000 2018,0.862,0.138,0.0,@beep @waferbaby everything is still horrible but at least we have animal videos on instagram,47,FOX
347,0.3182,Mon Apr 09 06:18:01 +0000 2018,0.753,0.0,0.247,RT @aprilwensel: Please let this sink in. https://t.co/mVGNssAj4o,48,FOX
348,0.6705,Mon Apr 09 05:28:37 +0000 2018,0.792,0.0,0.208,"RT @the_patima: *ahem* excuse me, I've kind of just found one of the best things on the internet:

https://t.co/h4IaRZ3RQC

10/10 way to le‚Ä¶",49,FOX
349,0.0952,Mon Apr 09 05:26:52 +0000 2018,0.678,0.153,0.169,"@itchymutt I understand! üòá AU actually has 4-5 hour overlap with SF, so it‚Äôs quite good. Worse with Europe.",50,FOX
350,0.631,Mon Apr 09 04:52:52 +0000 2018,0.795,0.0,0.205,"I believe @buffer is one of the best examples of great hiring practices, but this might be one of my favourite deta‚Ä¶ https://t.co/rOP56Hr1o3",51,FOX
351,0.0,Mon Apr 09 04:13:14 +0000 2018,1.0,0.0,0.0,"A short introduction to what information should be covered by conference organisers, especially when seeking speake‚Ä¶ https://t.co/Hwa3EFtDpB",52,FOX
352,0.6705,Mon Apr 09 04:04:56 +0000 2018,0.593,0.0,0.407,"@itchymutt ah, understood. Thank you. I guess I don‚Äôt qualify then. :)",53,FOX
353,0.0,Mon Apr 09 04:02:08 +0000 2018,1.0,0.0,0.0,"@itchymutt ‚Äî ahh, that product design posting is remote, but only US-based candidates?",54,FOX
354,0.0,Mon Apr 09 03:20:20 +0000 2018,1.0,0.0,0.0,"RT @naimaism: Hire women directors, so your music videos won‚Äôt just be women in bikinis standing next to a pool.",55,FOX
355,0.0,Mon Apr 09 03:19:53 +0000 2018,1.0,0.0,0.0,@aprilwensel üî•üö®üî•,56,FOX
356,0.4019,Mon Apr 09 03:13:12 +0000 2018,0.876,0.0,0.124,"Yes, it is my hobby to search event pages for inclusion, diversity and conduct keywords and analyse their strategie‚Ä¶ https://t.co/ST58es1WfW",57,FOX
357,0.0,Mon Apr 09 03:12:35 +0000 2018,1.0,0.0,0.0,"Ticket sale &gt; having a Code of Conduct? ü§∑üèª‚Äç‚ôÄÔ∏è 

Inclusion can‚Äôt be an afterthought. @aahconf @StartupVic 

https://t.co/9dDF5yP9ev",58,FOX
358,-0.296,Mon Apr 09 00:11:31 +0000 2018,0.694,0.306,0.0,@itsmisscs @CSSconfeu long time no see üòá,59,FOX
359,0.4588,Sun Apr 08 07:47:09 +0000 2018,0.667,0.0,0.333,@nonswearyphil Because we‚Äôve discontinued the events. :),60,FOX
360,0.6369,Sun Apr 08 07:43:36 +0000 2018,0.792,0.0,0.208,I love how some people without understanding of running inclusive events and governance are suggesting someone shou‚Ä¶ https://t.co/dpSoYioOBp,61,FOX
361,0.0,Sun Apr 08 03:48:10 +0000 2018,1.0,0.0,0.0,"RT @_sagesharp_: If you're someone from a group under-represented in tech, what have conference organizers done that made you feel welcome‚Ä¶",62,FOX
362,-0.4927,Sun Apr 08 03:41:29 +0000 2018,0.868,0.132,0.0,Let me translate: we dropped one of deeply problematic speakers WE INVITED to speak at our event only after the com‚Ä¶ https://t.co/v58T8zVFZK,63,FOX
363,0.0,Sun Apr 08 01:59:40 +0000 2018,1.0,0.0,0.0,"@kf I‚Äôm wondering the same, I‚Äôve considered them years ago and thought even recently maybe they grew up finally, bu‚Ä¶ https://t.co/5AyySyRuXW",64,FOX
364,0.8221,Sun Apr 08 01:15:33 +0000 2018,0.116,0.0,0.884,"@hypatiadotca Yay, congratulations!",65,FOX
365,-0.3612,Sun Apr 08 01:02:36 +0000 2018,0.878,0.122,0.0,"@github has been making massive inclusion mistakes since 2014 (if not longer).

There always has been little respon‚Ä¶ https://t.co/TfUq6qareN",66,FOX
366,0.0,Sun Apr 08 00:59:51 +0000 2018,1.0,0.0,0.0,@patriciarealini üî•üî•üî•,67,FOX
367,-0.128,Sun Apr 08 00:59:39 +0000 2018,0.837,0.092,0.071,RT @patriciarealini: when will people at @github take responsibility &amp; stop using evasive language to try to escape scrutiny for their acti‚Ä¶,68,FOX
368,0.0,Sun Apr 08 00:54:14 +0000 2018,1.0,0.0,0.0,ElectronConf: We have published a list of speakers that doesn‚Äôt reflect the standards to which we hold ourselves.‚Ä¶ https://t.co/ik7ugZwSL1,69,FOX
369,0.0,Sun Apr 08 00:50:34 +0000 2018,1.0,0.0,0.0,"Seemingly, this is Github‚Äôs response to questions about the Constellation lineup choices. 

The narrative is identi‚Ä¶ https://t.co/kRH6SzwazD",70,FOX
370,0.0,Sun Apr 08 00:46:50 +0000 2018,1.0,0.0,0.0,"RT @_sagesharp_: So a @github conference organizer invited the CTO of ICE to speak at the Washington D.C. constellation conference.

We sho‚Ä¶",71,FOX
371,-0.25,Sun Apr 08 00:22:29 +0000 2018,0.909,0.091,0.0,Github seems to have learned literally zero since that time my tweet made them cancel Electron Conf because there w‚Ä¶ https://t.co/HwvCoxuDlj,72,FOX
372,0.128,Sat Apr 07 21:39:39 +0000 2018,0.681,0.133,0.186,"RT @BreeNewsome: ""Diversity of opinion"" üôÉ
This is another popular term for folks trying to justify giving a platform to hate, bigotry &amp; ign‚Ä¶",73,FOX
373,-0.7972,Sat Apr 07 07:05:15 +0000 2018,0.529,0.471,0.0,"RT @karlitaliliana: This is deeply, incredibly, heartbreakingly disappointing @github. https://t.co/SvR51feRNR",74,FOX
374,0.4939,Sat Apr 07 04:19:23 +0000 2018,0.862,0.0,0.138,"I‚Äôve set up my Facebook account 11 years ago and today I‚Äôve requested its deletion. 

Facebook doesn‚Äôt care about p‚Ä¶ https://t.co/Ui7o9pdetL",75,FOX
375,0.0,Fri Apr 06 21:20:24 +0000 2018,1.0,0.0,0.0,If Twitter intentionally breaks third-party apps that‚Äôs the last straw for me. The web and native clients are usele‚Ä¶ https://t.co/BT4u0K8mEJ,76,FOX
376,0.7177,Fri Apr 06 09:47:15 +0000 2018,0.572,0.0,0.428,"@pmarsceill ahh, interesting! Might apply for this one. :) https://t.co/vpKnUBFOpJ",77,FOX
377,0.0,Fri Apr 06 07:48:45 +0000 2018,1.0,0.0,0.0,@johnbarton ü•Ç,78,FOX
378,0.4576,Fri Apr 06 04:35:57 +0000 2018,0.857,0.0,0.143,"RT @aprilwensel: ‚ÄúI absolutely support women in tech‚Ä¶

‚Ä¶unless, of course, it requires me to change my own behavior.‚Äù",79,FOX
379,0.0,Fri Apr 06 04:33:31 +0000 2018,0.735,0.151,0.114,"RT @ProjectBuddy: Mental illness can make it hard for people to maintain their hygiene.

You should be proud of yourself for brushing your‚Ä¶",80,FOX
380,0.5859,Fri Apr 06 04:32:32 +0000 2018,0.789,0.0,0.211,"This is an excellent read, especially for fellow men (no matter whether you call yourself an ally or not).

https://t.co/OdzmUzKQdF",81,FOX
381,-0.296,Fri Apr 06 02:44:29 +0000 2018,0.916,0.084,0.0,"RT @amyngyn: last: @cindyalvarez on 5 things that no one will tell you (but she will)

1. job descriptions are a lie
2. resumes are not you‚Ä¶",82,FOX
382,0.5994,Fri Apr 06 01:28:52 +0000 2018,0.731,0.0,0.269,"Number of times I get asked for free diversity and inclusion advice: countless.

Number of times anyone is willing‚Ä¶ https://t.co/5AH7KEXyzn",83,FOX
383,0.2975,Fri Apr 06 00:13:56 +0000 2018,0.795,0.074,0.131,"@adblanche üôèüèª agree!

Especially when looking for a new job I‚Äôm seeing a lot of talking and very little doing. Heh.",84,FOX
384,0.5093,Fri Apr 06 00:12:26 +0000 2018,0.708,0.0,0.292,"@hfauq Hah, I‚Äôm already chatting to folks there! :)",85,FOX
385,0.5423,Thu Apr 05 07:56:22 +0000 2018,0.791,0.0,0.209,"RT @AngryBlackLady: Please read and share this. | Hey, @TheAtlantic, Hiring a (Horrible) White Man for ‚ÄòDiversity‚Äô Is Gaslighting 101 https‚Ä¶",86,FOX
386,0.6573,Thu Apr 05 06:31:30 +0000 2018,0.804,0.0,0.196,"The Atlassian state of diversity and inclusion report in US tech is incredibly well-put. Great work @adblanche, et‚Ä¶ https://t.co/ygSFBJyoAd",87,FOX
387,0.4588,Thu Apr 05 06:19:36 +0000 2018,0.571,0.0,0.429,@evanderkoogh üì¨ hi at https://t.co/vah0lKcYeo :),88,FOX
388,0.6369,Thu Apr 05 06:18:01 +0000 2018,0.743,0.0,0.257,"@evanderkoogh üëã Yep, I‚Äôm still having conversations with people :) 

Would you mind emailing me with more details?",89,FOX
389,0.0,Thu Apr 05 05:49:51 +0000 2018,1.0,0.0,0.0,üëèüèª üíØ  https://t.co/XJcfmLw1qD,90,FOX
390,0.4926,Thu Apr 05 00:17:15 +0000 2018,0.825,0.0,0.175,I‚Äôm still on the look to find my next job and work with good people! üòá https://t.co/ZdZZSrB2xK,91,FOX
391,-0.3612,Wed Apr 04 22:26:57 +0000 2018,0.894,0.106,0.0,"I‚Äôve been treated as if I‚Äôm clueless or just at an event as a ‚Äúpartner from outside of tech‚Äù.

I had this conversat‚Ä¶ https://t.co/EmLnVTaiKX",92,FOX
392,-0.34,Wed Apr 04 22:22:33 +0000 2018,0.888,0.112,0.0,When me and my partner (both technical) meet people at events a considerable amount of men doesn‚Äôt even bother intr‚Ä¶ https://t.co/CnQ6Tl7quk,93,FOX
393,0.5707,Wed Apr 04 10:49:47 +0000 2018,0.822,0.0,0.178,"@CSS_Conf_AR The website looks fabulous!

However, I‚Äôve noticed that the Code of Conduct is hot-linked, which means‚Ä¶ https://t.co/MUDGkmNWLv",94,FOX
394,0.2144,Wed Apr 04 10:44:43 +0000 2018,0.764,0.0,0.236,"@OphelieLechat Definitely not Sprint, but this. https://t.co/at5ho81nni",95,FOX
395,0.7096,Wed Apr 04 07:33:49 +0000 2018,0.704,0.0,0.296,"This resource for mental health and self care is incredible, I wish I have seen it earlier. https://t.co/nbx4ghZ1gI",96,FOX
396,0.7959,Tue Apr 03 22:55:45 +0000 2018,0.426,0.0,0.574,@anildash Thank you! Just wanted to make sure. :),97,FOX
397,0.0,Tue Apr 03 22:38:17 +0000 2018,1.0,0.0,0.0,@anildash Hey Anil üëãüèª is this remote US or remote anywhere? Asking because it‚Äôs aligned with what I‚Äôm looking for :‚Ä¶ https://t.co/XVExPFLEpz,98,FOX
398,0.0,Tue Apr 03 00:37:10 +0000 2018,1.0,0.0,0.0,"RT @alicegoldfuss: ICYMI
1. @RealSexyCyborg asks @VICE not to report on her relationship status
2. @VICE does so anyway
3. @RealSexyCyborg‚Ä¶",99,FOX
399,0.4019,Sat Mar 31 22:25:16 +0000 2018,0.895,0.0,0.105,"RT @adblanche: Reshare, because we need White #women doing the work to help their siblings of color to get real diversity in tech. #changet‚Ä¶",100,FOX
400,0.0,Wed Apr 11 00:32:05 +0000 2018,1.0,0.0,0.0,"Fact Check: What Mark Zuckerberg said about Facebook, data and elections https://t.co/6VJ90CygPe",1,NYTIMES
401,0.8356,Wed Apr 11 00:17:03 +0000 2018,0.669,0.0,0.331,"RT @JulietMacur: What's it like to be a pro cheerleader? A fan might yell, ""I hope you get raped!"" Others might get ""handsy."" At the Redski‚Ä¶",2,NYTIMES
402,0.7906,Wed Apr 11 00:02:05 +0000 2018,0.667,0.0,0.333,Supreme Court Justice Ruth Bader Ginsburg presided over a naturalization ceremony at the New-York Historical Societ‚Ä¶ https://t.co/mHGy6NXWJj,3,NYTIMES
403,0.0,Tue Apr 10 23:46:05 +0000 2018,1.0,0.0,0.0,Evening Briefing: Here's what you need to know at the end of the day https://t.co/x9wFz79XbF,4,NYTIMES
404,-0.5106,Tue Apr 10 23:31:00 +0000 2018,0.845,0.155,0.0,"Angry over reports in December of subpoenas related to his business dealings, President Trump told advisers that Ro‚Ä¶ https://t.co/f6fBVAEJuG",5,NYTIMES
405,-0.34,Tue Apr 10 23:22:01 +0000 2018,0.906,0.094,0.0,"RT @maggieNYT: Trump Sought to Fire Mueller in December, and has been considering doing it at other points over the last year, via @nytmike‚Ä¶",6,NYTIMES
406,0.25,Tue Apr 10 23:16:45 +0000 2018,0.85,0.0,0.15,"A second episode where President Trump sought to shut down the special counsel's Russia inquiry, but later backed a‚Ä¶ https://t.co/onuqlp9eBi",7,NYTIMES
407,-0.1779,Tue Apr 10 23:02:03 +0000 2018,0.731,0.151,0.119,Mark Zuckerberg is testifying to Congress on Facebook‚Äôs failure to protect users‚Äô data. We‚Äôre covering the highligh‚Ä¶ https://t.co/M0H9cOhJwv,8,NYTIMES
408,-0.296,Tue Apr 10 22:47:04 +0000 2018,0.916,0.084,0.0,"RT @andrewrsorkin: A missed Q for Zuck: When a user uploads a pic or video, what kind of machine learning and AI is used to tag it? Walk us‚Ä¶",9,NYTIMES
409,0.0,Tue Apr 10 22:38:03 +0000 2018,1.0,0.0,0.0,"We are fact checking Mark Zuckerberg, Facebook‚Äôs chief executive, as he testifies before Congress‚Ä¶ https://t.co/t4xVThsEPZ",10,NYTIMES
410,0.6187,Tue Apr 10 22:28:09 +0000 2018,0.768,0.0,0.232,"RT @kevinroose: Sen. Kennedy (R-LA): ""Mr. Zuckerberg, I come in peace. I don‚Äôt want to have to vote to regulate Facebook, but by god I will‚Ä¶",11,NYTIMES
411,0.0772,Tue Apr 10 22:18:05 +0000 2018,0.81,0.089,0.101,"Bank of America will no longer lend money to manufacturers of firearms like the AR-15, which has been used in multi‚Ä¶ https://t.co/nCBlR6t0X6",12,NYTIMES
412,-0.0772,Tue Apr 10 22:07:05 +0000 2018,0.92,0.08,0.0,RT @NYTStyles: All of the times Mark Zuckerberg put on the Serious Suit of Contrition. https://t.co/hhzc3b6i0x,13,NYTIMES
413,0.4019,Tue Apr 10 22:01:06 +0000 2018,0.886,0.0,0.114,RT @kevinroose: It's notable that even Cory Booker is grilling Zuckerberg now. Booker was the pro-tech mayor who convinced Zuckerberg to gi‚Ä¶,14,NYTIMES
414,0.0,Tue Apr 10 21:53:38 +0000 2018,1.0,0.0,0.0,It's been 3 hours. We're on the final stretch of the first of Mark Zuckerberg's 2 marathon hearings before Congress‚Ä¶ https://t.co/gEX2Lfl0Jx,15,NYTIMES
415,0.34,Tue Apr 10 21:47:02 +0000 2018,0.893,0.0,0.107,"A restored version of the film ‚ÄúYellow Submarine‚Äù will be shown in the U.S., Britain and Ireland this summer to cel‚Ä¶ https://t.co/PLUJAMESN4",16,NYTIMES
416,0.1027,Tue Apr 10 21:32:04 +0000 2018,0.935,0.0,0.065,"The Metropolitan Museum of Art has reached beyond its doors for a director for the first time in 60 years, choosing‚Ä¶ https://t.co/Ga6tZczRk5",17,NYTIMES
417,0.0,Tue Apr 10 21:17:04 +0000 2018,0.746,0.127,0.127,RT @kevinroose: Senator Coons asks a good q: why does Facebook shift the burden of reporting bad/hateful/discriminatory content to users?‚Ä¶,18,NYTIMES
418,0.0,Tue Apr 10 21:08:06 +0000 2018,1.0,0.0,0.0,"If you‚Äôre concerned about ""Westworld"" spoilers, don‚Äôt be. There don‚Äôt appear to be any. https://t.co/vs7iCSTUQy",19,NYTIMES
419,0.0,Tue Apr 10 20:53:50 +0000 2018,1.0,0.0,0.0,"‚ÄúNo. I would probably not choose to do that publicly here,‚Äù Zuckerberg said when Senator Richard Durbin asked if he‚Ä¶ https://t.co/RD48wALpzV",20,NYTIMES
420,0.4215,Tue Apr 10 20:50:09 +0000 2018,0.676,0.0,0.324,Overwhelmed by the number of Netflix original shows? Let @Watching guide you. https://t.co/s9x6gV2ipj,21,NYTIMES
421,-0.7003,Tue Apr 10 20:40:04 +0000 2018,0.621,0.29,0.09,"RT @nytimesarts: T.J. Miller, the comedian and former ""Silicon Valley"" star, was charged with calling in a false report of a bomb threat fr‚Ä¶",22,NYTIMES
422,-0.0772,Tue Apr 10 20:19:44 +0000 2018,0.929,0.071,0.0,Wired Magazine recently noted that Zuckerberg has a 14-year history of apologizing. That seems to have caused some‚Ä¶ https://t.co/2wWLKv9HjE,23,NYTIMES
423,0.4404,Tue Apr 10 20:17:07 +0000 2018,0.868,0.0,0.132,"RT @NYTNational: Toll of mass incarceration: States send inmates to private prisons, where profit is often the main motive https://t.co/3nm‚Ä¶",24,NYTIMES
424,-0.3182,Tue Apr 10 20:10:07 +0000 2018,0.759,0.148,0.093,"Cheerleaders for pro sports teams say they‚Äôre expected to endure groping and harassment by fans. ‚ÄúIt is common, and‚Ä¶ https://t.co/QDQ9mMftUz",25,NYTIMES
425,0.0,Tue Apr 10 20:03:41 +0000 2018,1.0,0.0,0.0,"Here are some of Zuckerberg‚Äôs claims, which we fact checked. The page will be updated throughout the hearings:‚Ä¶ https://t.co/Ua5awGFTKn",26,NYTIMES
426,-0.1779,Tue Apr 10 19:55:03 +0000 2018,0.655,0.166,0.179,"Bill Cosby's lawyers began a combative defense at his sexual assault retrial, portraying the entertainer as the lon‚Ä¶ https://t.co/hTZmv1LTcb",27,NYTIMES
427,-0.6705,Tue Apr 10 19:45:50 +0000 2018,0.756,0.244,0.0,Senator Patrick Leahy just confronted Mark Zuckerberg about why hate speech regarding Myanmar was not taken down in‚Ä¶ https://t.co/zebFBEt13b,28,NYTIMES
428,0.0,Tue Apr 10 19:40:09 +0000 2018,1.0,0.0,0.0,After months of speculation about whether the Obamas or the Trumps would be invited to the royal wedding next month‚Ä¶ https://t.co/t2fr7iBNOm,29,NYTIMES
429,0.0,Tue Apr 10 19:30:10 +0000 2018,1.0,0.0,0.0,"RT @kevinroose: Third or fourth mention of Facebook‚Äôs dorm room origins so far. Obviously meant to humanize Zuckerberg, but it feeds a narr‚Ä¶",30,NYTIMES
430,0.4404,Tue Apr 10 19:25:48 +0000 2018,0.822,0.0,0.178,"In the 1990s, Antioch College created the country‚Äôs first affirmative consent policy for sex. The women who led the‚Ä¶ https://t.co/9aXDgjgtAB",31,NYTIMES
431,0.5267,Tue Apr 10 19:18:09 +0000 2018,0.866,0.0,0.134,"Zuckerberg is the only technology chief in the room, but it is clear that members of Congress are treating him as a‚Ä¶ https://t.co/cdAsLLpRft",32,NYTIMES
432,0.1027,Tue Apr 10 19:15:01 +0000 2018,0.685,0.149,0.165,A longtime usher for the Pittsburgh Pirates has been escorting fans to their seats since the Great Depression. This‚Ä¶ https://t.co/XImWCfvTeJ,33,NYTIMES
433,0.0,Tue Apr 10 19:06:24 +0000 2018,1.0,0.0,0.0,Facebook revealed today that the extent of the harvesting went even further ‚Äî it included people‚Äôs private messages‚Ä¶ https://t.co/rhW3sFduns,34,NYTIMES
434,0.0,Tue Apr 10 19:01:41 +0000 2018,1.0,0.0,0.0,"The hearings were prompted by the revelation that Cambridge Analytica, a British firm linked to the Trump campaign,‚Ä¶ https://t.co/f9caN8Lc0O",35,NYTIMES
435,-0.7003,Tue Apr 10 18:55:05 +0000 2018,0.756,0.244,0.0,"A conservative TV commentator resigned after saying that he was preparing to use a ""hot poker"" to assault one of th‚Ä¶ https://t.co/SeRyduhH87",36,NYTIMES
436,-0.1419,Tue Apr 10 18:45:07 +0000 2018,0.931,0.069,0.0,"Bustling and built for governing, Bogot√° may not be a tropical jewel or a trendy hot spot, but it is an essential p‚Ä¶ https://t.co/o8yJgcurQK",37,NYTIMES
437,-0.4019,Tue Apr 10 18:36:53 +0000 2018,0.837,0.163,0.0,"Zuckerberg is expected to tell Congress, ‚ÄúIt was my mistake, and I‚Äôm sorry. I started Facebook, I run it and I‚Äôm re‚Ä¶ https://t.co/opF4ezMQNj",38,NYTIMES
438,-0.5106,Tue Apr 10 18:33:48 +0000 2018,0.852,0.148,0.0,"Watch live: Mark Zuckerberg, Facebook's chief, is about to testify to Congress on why his company failed to protect‚Ä¶ https://t.co/tCFhrtGSXk",39,NYTIMES
439,-0.5719,Tue Apr 10 18:30:08 +0000 2018,0.684,0.228,0.087,2 of the ways the U.S. could respond to fresh reports of a chemical weapons attack in Syria would have little effec‚Ä¶ https://t.co/NI04BOdexx,40,NYTIMES
440,0.0,Tue Apr 10 18:17:46 +0000 2018,1.0,0.0,0.0,RT @kevinroose: Someone came to the hearing dressed as a Russian troll. https://t.co/ZdPEK9MDne,41,NYTIMES
441,0.4019,Tue Apr 10 18:16:12 +0000 2018,0.895,0.0,0.105,Mark Zuckerberg will be clad in a suit and tie at his hearing. He will also have a booster seat to help give his te‚Ä¶ https://t.co/6o4AseMQ2h,42,NYTIMES
442,-0.3818,Tue Apr 10 18:10:07 +0000 2018,0.88,0.12,0.0,"""You may be asking yourself: What kind of sociopath complains about ice cream sundaes? I just know that when I see‚Ä¶ https://t.co/Scp1lrmZ5j",43,NYTIMES
443,0.0258,Tue Apr 10 17:55:05 +0000 2018,0.948,0.0,0.052,A Facebook page that claimed a connection to Black Lives Matter and had more than twice as many followers as the mo‚Ä¶ https://t.co/vswTey0l1v,44,NYTIMES
444,0.0,Tue Apr 10 17:40:06 +0000 2018,1.0,0.0,0.0,Most of the White House staff in this swearing-in photo has left the Trump administration https://t.co/MvygghIpO7,45,NYTIMES
445,0.0,Tue Apr 10 17:27:14 +0000 2018,1.0,0.0,0.0,"Also this morning, some people woke up to a Facebook notification that their private messages might have been harve‚Ä¶ https://t.co/W1d21jJWXP",46,NYTIMES
446,-0.5423,Tue Apr 10 17:25:04 +0000 2018,0.829,0.171,0.0,"In bad timing for Mark Zuckerberg, Senator Chris Coons, a Democratic member of the Judiciary Committee, today found‚Ä¶ https://t.co/irY9Uf2oAS",47,NYTIMES
447,-0.3182,Tue Apr 10 17:10:07 +0000 2018,0.725,0.169,0.106,How professional sports teams make money off cheerleaders by sending them into settings where they're harassed https://t.co/A6MS4SEW44,48,NYTIMES
448,0.0,Tue Apr 10 16:55:04 +0000 2018,1.0,0.0,0.0,It‚Äôs a one-pan wonder and can be made on the fly https://t.co/NfCbu8IGdn https://t.co/MZioBSqGML,49,NYTIMES
449,-0.128,Tue Apr 10 16:42:59 +0000 2018,0.683,0.169,0.149,"On Tuesday, Facebook announced it would begin offering a ‚Äúdata abuse bounty‚Äù program to reward people who report in‚Ä¶ https://t.co/uYGZYFQfqT",50,NYTIMES
450,0.0,Tue Apr 10 16:40:09 +0000 2018,1.0,0.0,0.0,"They are some of the first known Facebook users targeted by Cambridge Analytica to be publicly identified, and they‚Ä¶ https://t.co/4y614GyHB8",51,NYTIMES
451,0.0,Tue Apr 10 16:27:20 +0000 2018,1.0,0.0,0.0,Breaking News: FBI agents who raided the office of President Trump‚Äôs lawyer sought records of payments to 2 women w‚Ä¶ https://t.co/FzYOveos1H,52,NYTIMES
452,0.2263,Tue Apr 10 16:25:07 +0000 2018,0.821,0.068,0.111,"In @NYTOpinion,

Op-Ed Contributor Lilly Ledbetter and namesake of the Lilly Ledbetter Fair Pay Act writes, ""I have‚Ä¶ https://t.co/I5hOahpwzl",53,NYTIMES
453,0.0,Tue Apr 10 16:10:06 +0000 2018,1.0,0.0,0.0,"Deputy Attorney General Rod Rosenstein signed off on the FBI raid of Trump‚Äôs lawyer's office, a move that has enrag‚Ä¶ https://t.co/IKo68xis5V",54,NYTIMES
454,0.34,Tue Apr 10 15:50:00 +0000 2018,0.882,0.0,0.118,Read the letter from the 2 Democratic senators who say they have obtained an EPA assessment about security spending‚Ä¶ https://t.co/G2eF5E6PTA,55,NYTIMES
455,-0.4767,Tue Apr 10 15:40:11 +0000 2018,0.796,0.204,0.0,Senator Sheldon Whitehouse claims to have a document disputing Scott Pruitt's need for costly travel and other secu‚Ä¶ https://t.co/QSlamqZR7g,56,NYTIMES
456,0.0,Tue Apr 10 15:30:09 +0000 2018,1.0,0.0,0.0,"RT @palafo: Three ballparks. Fourteen presidential administrations. Now at 99, Phil Coyne is retiring from his job as a Pittsburgh Pirates‚Ä¶",57,NYTIMES
457,0.3612,Tue Apr 10 15:27:06 +0000 2018,0.878,0.0,0.122,Expect a long afternoon: 44 senators will participate in the hearing and have been promised 4 minutes each of quest‚Ä¶ https://t.co/EsfubjRXLi,58,NYTIMES
458,0.3818,Tue Apr 10 15:20:09 +0000 2018,0.89,0.0,0.11,Greeting Mark Zuckerberg on Tuesday in front of the U.S. Capitol are dozens of cardboard cutouts of his own image s‚Ä¶ https://t.co/eBfB1LF0Eq,59,NYTIMES
459,0.34,Tue Apr 10 15:10:08 +0000 2018,0.882,0.0,0.118,"Another exit from the White House: Thomas Bossert, the homeland security adviser, is leaving. It‚Äôs a sign John Bolt‚Ä¶ https://t.co/tvcHeK5WMk",60,NYTIMES
460,0.4215,Tue Apr 10 15:00:11 +0000 2018,0.781,0.0,0.219,"""You have to find the music that your horse likes"" https://t.co/FmrtJYsPpZ",61,NYTIMES
461,-0.6486,Tue Apr 10 14:50:08 +0000 2018,0.807,0.193,0.0,"Is the Brooklyn-Queens streetcar dead? At the very least it‚Äôs languishing, 2 years after the mayor presented it as‚Ä¶ https://t.co/oEwBXc1l1w",62,NYTIMES
462,-0.5267,Tue Apr 10 14:40:13 +0000 2018,0.848,0.152,0.0,"Last week, after frustrated activists from Myanmar sent an open letter to Mark Zuckerberg, the chief executive of F‚Ä¶ https://t.co/dCsumnFFZJ",63,NYTIMES
463,0.2023,Tue Apr 10 14:30:17 +0000 2018,0.87,0.0,0.13,"To hear climate denialists tell it, polar bears are doing just fine https://t.co/vuT4LUDVbV",64,NYTIMES
464,0.0,Tue Apr 10 14:15:06 +0000 2018,1.0,0.0,0.0,The 2 Reuters journalists were investigating a massacre of 10 Muslim Rohingya men https://t.co/ndwqQfno1H,65,NYTIMES
465,0.0,Tue Apr 10 14:00:04 +0000 2018,1.0,0.0,0.0,Robert Mueller is investigating a payment made to President Trump's foundation by a Ukrainian steel magnate for a t‚Ä¶ https://t.co/Ik8xqvkVTG,66,NYTIMES
466,-0.296,Tue Apr 10 13:45:09 +0000 2018,0.885,0.115,0.0,"In Opinion

Op-Ed contributor Mark Penn writes that Facebook and other major internet platforms should stop pretend‚Ä¶ https://t.co/q6bhBDPcYZ",67,NYTIMES
467,0.0,Tue Apr 10 13:31:02 +0000 2018,1.0,0.0,0.0,Breaking: President Trump will skip his planned trip to Latin America this week to oversee the American response to‚Ä¶ https://t.co/nJo2PjDKLt,68,NYTIMES
468,0.4939,Tue Apr 10 13:30:18 +0000 2018,0.756,0.0,0.244,"‚ÄúPerhaps if you truly want to understand a drawing, you have to just eat it.‚Äù
https://t.co/1n5OgCsnMz",69,NYTIMES
469,-0.6705,Tue Apr 10 13:21:49 +0000 2018,0.791,0.209,0.0,"At least 5 people were killed when a single-engine plane crashed onto a golf course in Scottsdale, Arizona on Monda‚Ä¶ https://t.co/YghkhyTBxu",70,NYTIMES
470,0.0,Tue Apr 10 13:00:16 +0000 2018,1.0,0.0,0.0,Morning Briefing: Here's what you need to know to start your day https://t.co/Ap1ttJrPe6 https://t.co/FFFryxmbxc,71,NYTIMES
471,0.5267,Tue Apr 10 13:00:15 +0000 2018,0.821,0.045,0.134,"‚ÄúIf someone got too handsy, we could just turn around and leave. But we still had to be gracious and say, ‚ÄòThank yo‚Ä¶ https://t.co/Vi1EG5mL0Y",72,NYTIMES
472,0.6697,Tue Apr 10 12:45:08 +0000 2018,0.824,0.0,0.176,"We speak to our little dogs much more lovingly than we do to our little boys, a clinical psychologist writes. How c‚Ä¶ https://t.co/SCheTFOl3K",73,NYTIMES
473,0.1027,Tue Apr 10 12:31:00 +0000 2018,0.928,0.0,0.072,"Volkswagen is considering replacing its chief executive, who took over after the company admitted in 2015 to cheati‚Ä¶ https://t.co/yXPd1npFgT",74,NYTIMES
474,0.0772,Tue Apr 10 12:30:10 +0000 2018,0.929,0.0,0.071,"Want a pet python? Consider that many reptiles and amphibians ‚Äî perhaps most, depending on the species ‚Äî were illeg‚Ä¶ https://t.co/VspTJVObmm",75,NYTIMES
475,0.0,Tue Apr 10 12:15:02 +0000 2018,1.0,0.0,0.0,Here are five things to watch as Mark Zuckerberg makes his much-anticipated appearance before members of Congress t‚Ä¶ https://t.co/BhetrPzttu,76,NYTIMES
476,0.4939,Tue Apr 10 12:00:14 +0000 2018,0.792,0.0,0.208,"Your daily @DealBook briefing: 

‚Ä¢ In his prepared testimony, Mark Zuckerberg apologized for not doing more to stop‚Ä¶ https://t.co/x8lDqTblR5",77,NYTIMES
477,-0.7184,Tue Apr 10 11:44:55 +0000 2018,0.75,0.25,0.0,"Through memes and apparel, white supremacists have found new ways to drum up racist sentiment, harking back to colo‚Ä¶ https://t.co/d6lj7VYhyY",78,NYTIMES
478,-0.0772,Tue Apr 10 11:33:46 +0000 2018,0.725,0.145,0.13,"Her uncle has become active in alt-right causes, posting offensive material about minorities, immigrants and women‚Ä¶ https://t.co/tI2m0bx0pR",79,NYTIMES
479,0.6597,Tue Apr 10 11:15:06 +0000 2018,0.748,0.0,0.252,Stephen Colbert and other late-night hosts focused on a news story that united two topics: the Russia investigation‚Ä¶ https://t.co/43P4KWejzI,80,NYTIMES
480,0.0,Tue Apr 10 11:00:16 +0000 2018,1.0,0.0,0.0,"The F.B.I. raided the home of President Trump‚Äôs personal lawyer, Michael D. Cohen. What are investigators looking f‚Ä¶ https://t.co/6eBGpWhk4t",81,NYTIMES
481,0.7184,Tue Apr 10 11:00:15 +0000 2018,0.739,0.0,0.261,"Supporters of the streetcar, an ambitious project known as the Brooklyn Queens Connector that would run from Astori‚Ä¶ https://t.co/mZlz2ANbu6",82,NYTIMES
482,0.3182,Tue Apr 10 11:00:06 +0000 2018,0.887,0.0,0.113,President Trump said Syria‚Äôs patrons in Russia and Iran may also be responsible for enabling last weekend‚Äôs chemica‚Ä¶ https://t.co/aOnIrpkV99,83,NYTIMES
483,0.4215,Tue Apr 10 10:30:11 +0000 2018,0.859,0.0,0.141,President Trump called the F.B.I. raid a ‚Äúdisgraceful situation‚Äù and an ‚Äúattack on our country in a true sense‚Äù https://t.co/Iql98fyfw7,84,NYTIMES
484,0.0,Tue Apr 10 10:21:05 +0000 2018,1.0,0.0,0.0,"Read the transcript of President Trump's remarks about the F.B.I. raid on his lawyer's office, Syria and more https://t.co/FfypkAWfkz",85,NYTIMES
485,0.0,Tue Apr 10 10:00:10 +0000 2018,1.0,0.0,0.0,Morning Briefing: Here's what you need to know to start your day https://t.co/BUTfuzACSR https://t.co/oZMsRt4RdI,86,NYTIMES
486,0.0,Tue Apr 10 09:43:17 +0000 2018,1.0,0.0,0.0,"Broccoli salads are a dime a dozen, but this one is a game-changing celebration of flavors, colors and textures https://t.co/pHT90h9yT9",87,NYTIMES
487,-0.1531,Tue Apr 10 09:24:51 +0000 2018,0.682,0.195,0.123,"A smart city comes with risks: ‚ÄúOnce you‚Äôve given a developer license to deploy total surveillance, with no public‚Ä¶ https://t.co/mAtIKLcL2x",88,NYTIMES
488,0.0,Tue Apr 10 09:06:59 +0000 2018,1.0,0.0,0.0,RT @nytopinion: The Sinclair Broadcast Group does not practice the news principles that they preach. https://t.co/e2ZQ8AtfIX,89,NYTIMES
489,-0.3182,Tue Apr 10 08:50:05 +0000 2018,0.881,0.119,0.0,"The Australian agriculture minister said he was ""shocked and gutted"" after footage showed thousands of sheep dying‚Ä¶ https://t.co/JogoHlHqJo",90,NYTIMES
490,0.0,Tue Apr 10 08:49:33 +0000 2018,1.0,0.0,0.0,"Yulia Skripal has been released from a hospital in England five weeks after she and her father, a former Russian sp‚Ä¶ https://t.co/IqR84TuqgI",91,NYTIMES
491,0.3612,Tue Apr 10 08:45:06 +0000 2018,0.615,0.138,0.246,"RT @nytimesworld: Millions of people in China are sharing the story of Gao Yan, a student who committed suicide in 1998 after friends say s‚Ä¶",92,NYTIMES
492,-0.1027,Tue Apr 10 08:32:42 +0000 2018,0.803,0.106,0.091,"RT @kimseverson: I spoke with Eddie Hernandez about his new cookbook. ‚ÄúIn Mexico,"" he said, ""we eat what we like and don‚Äôt worry about what‚Ä¶",93,NYTIMES
493,0.3612,Tue Apr 10 08:15:10 +0000 2018,0.878,0.0,0.122,‚ÄúSomething that started decades ago and was applauded and inoffensive is now politically incorrect. What can you do‚Ä¶ https://t.co/2EDwm5KchB,94,NYTIMES
494,0.3818,Tue Apr 10 08:15:05 +0000 2018,0.86,0.0,0.14,Adelaide is rebranding itself as an innovation center for Australia ‚Äî and the world. Will it work? https://t.co/AcjeJhX98i,95,NYTIMES
495,-0.4215,Tue Apr 10 08:02:02 +0000 2018,0.865,0.135,0.0,"President Trump reacted angrily to the FBI‚Äôs raid on his personal lawyer‚Äôs office, calling it ‚Äúdisgraceful‚Äù and an‚Ä¶ https://t.co/mafGzkCVMR",96,NYTIMES
496,-0.6597,Tue Apr 10 08:00:07 +0000 2018,0.794,0.206,0.0,"A speeding school bus plunged off a mountainside in northern India, killing 23 children and four adults, an officia‚Ä¶ https://t.co/xzcDDbUFf2",97,NYTIMES
497,0.4215,Tue Apr 10 07:47:05 +0000 2018,0.865,0.0,0.135,"A Ukrainian magnate paid Donald Trump‚Äôs charity $150,000 in 2015 after Trump gave a video talk. Robert Mueller is s‚Ä¶ https://t.co/6BDpCRy6XY",98,NYTIMES
498,0.0,Tue Apr 10 07:32:03 +0000 2018,1.0,0.0,0.0,It's simple but loaded with flavor https://t.co/dca71006cZ,99,NYTIMES
499,-0.7845,Tue Apr 10 07:17:05 +0000 2018,0.734,0.266,0.0,"RT @nytimesworld: ‚ÄúMarie Colvin was a dog and now she‚Äôs dead,‚Äù a Syrian officer said after government fire killed the journalist, new court‚Ä¶",100,NYTIMES
